-260,4016,-16800,-831,498,603,idle,0
-480,3772,-17064,-210,255,-170,idle,0
-620,4184,-16144,-1070,689,-62,idle,0
-540,2912,-17632,930,684,499,idle,0
-680,3100,-17580,-460,731,240,idle,0
-496,3728,-17116,-987,729,908,idle,0
100,3976,-16796,-413,1031,-33,idle,0
76,3984,-16968,-340,138,28,idle,0
-728,3584,-17148,-382,1282,-883,idle,0
-668,3736,-17152,-408,969,-91,idle,0
-296,3936,-16856,456,55,566,idle,0
-808,3788,-17208,-265,691,-33,idle,0
-468,3684,-17176,-3,468,-488,idle,0
-688,3936,-17020,-366,709,357,idle,0
-520,3936,-16724,-292,690,-143,idle,0
-768,3732,-16976,-21,893,30,idle,0
-460,3804,-16948,-503,602,5,idle,0
-768,3748,-16956,-611,1229,53,idle,0
-60,3848,-16936,-621,1017,-166,idle,0
-796,4084,-16808,-168,406,-323,idle,0
-200,2792,-17384,-1371,-156,786,idle,1
-928,3560,-17476,-337,1311,-883,idle,1
-956,3896,-16648,-55,605,366,idle,1
-272,3864,-17112,-454,768,83,idle,1
-536,3588,-17128,-61,338,-244,idle,1
-1452,3660,-16960,-713,1055,-617,idle,1
-88,3768,-17032,-437,1065,18,idle,1
-1068,3820,-17044,-686,943,-108,idle,1
-232,3644,-17552,-566,120,812,idle,1
-68,4064,-16880,136,-120,349,idle,1
-972,3736,-17220,-26,337,-51,idle,1
0,4060,-16888,-1720,291,207,idle,1
-804,4252,-17060,233,7,93,idle,1
-888,4312,-16840,-369,-163,256,idle,1
-744,4228,-16712,-126,751,38,idle,1
-552,4120,-17084,-229,840,-207,idle,1
-988,4084,-17040,-207,565,156,idle,1
-872,4196,-16900,-204,933,-57,idle,1
-724,4164,-16912,-280,974,100,idle,1
-652,4020,-16992,-137,595,104,idle,1
-740,3360,-17228,680,-16,1736,idle,2
-764,4056,-16556,-886,840,676,idle,2
-64,3740,-17384,-708,1084,762,idle,2
-604,3532,-16760,-428,-73,453,idle,2
-380,3920,-17588,-417,1082,744,idle,2
-52,4028,-17108,-43,845,-358,idle,2
-324,4004,-16732,-127,612,80,idle,2
-396,3712,-17084,-68,695,-13,idle,2
140,3740,-17080,-351,47,666,idle,2
-600,3760,-17156,31,549,-279,idle,2
-68,3688,-17372,-206,713,593,idle,2
-220,3620,-17108,-286,610,-153,idle,2
-136,3664,-16892,-184,966,235,idle,2
-144,4028,-17172,-381,769,47,idle,2
60,3888,-16972,-567,474,-184,idle,2
-400,3524,-17044,-193,877,-12,idle,2
-76,3464,-17296,-102,974,-247,idle,2
-80,3940,-17088,-899,929,-451,idle,2
-196,3804,-17100,-137,134,-365,idle,2
-432,3928,-17416,-250,288,-302,idle,2
-920,3152,-17016,-384,700,-2,idle,3
-1008,3016,-17144,-241,923,-275,idle,3
-924,3064,-17180,-446,878,-57,idle,3
-796,3372,-17028,-387,883,-158,idle,3
-948,3028,-17124,-198,1066,59,idle,3
-1076,3056,-17056,-135,952,-278,idle,3
-796,3192,-17204,-221,967,4,idle,3
-876,3068,-17148,-215,544,383,idle,3
-736,3120,-17064,-298,352,293,idle,3
-1036,3024,-17264,-336,795,146,idle,3
-788,3240,-17220,-261,560,-91,idle,3
-852,2980,-17056,-68,601,61,idle,3
-864,3140,-17168,-83,564,0,idle,3
-920,3260,-17288,-274,753,-43,idle,3
-340,2976,-17280,-357,642,227,idle,3
-1044,3056,-17440,-141,522,-161,idle,3
-796,2908,-17172,-204,475,16,idle,3
-880,3072,-17200,-539,652,271,idle,3
-940,2992,-17396,-202,471,88,idle,3
-872,3212,-17096,-204,637,-133,idle,3
-660,3148,-17180,-219,513,42,idle,4
-844,3164,-17172,-271,629,-113,idle,4
-1052,3168,-17288,-310,745,-198,idle,4
-268,3332,-16916,-127,649,460,idle,4
-524,3328,-17232,-342,756,-388,idle,4
-824,3188,-16996,-216,570,-160,idle,4
-764,3040,-17076,-234,718,-357,idle,4
-884,3132,-17332,-243,694,-71,idle,4
-952,3264,-17180,-178,672,-251,idle,4
-956,3136,-17212,-517,1032,-690,idle,4
-676,3036,-17132,-335,654,63,idle,4
-672,3264,-17140,-315,657,138,idle,4
-872,3224,-17168,-478,636,31,idle,4
-860,3228,-17188,-706,797,575,idle,4
-532,3328,-16968,200,742,113,idle,4
-948,3208,-17212,-333,827,65,idle,4
-736,3348,-17000,-356,844,338,idle,4
-556,3412,-17096,-58,521,-316,idle,4
-752,3320,-17072,-170,574,-17,idle,4
-664,3292,-17140,-226,745,-79,idle,4
-944,3084,-17112,-246,654,-101,idle,5
-876,3132,-17140,-370,612,-308,idle,5
-784,2936,-17108,-175,550,-168,idle,5
-1212,3116,-17052,-235,515,-314,idle,5
-892,3084,-17092,-293,892,-239,idle,5
-988,3092,-17228,-356,874,-104,idle,5
-832,3032,-16940,-256,621,154,idle,5
-964,2964,-17264,-208,453,157,idle,5
-1100,2880,-17144,-320,695,-9,idle,5
-968,3004,-17232,-213,741,67,idle,5
-872,3128,-17156,-181,663,269,idle,5
-776,3072,-17296,-258,719,27,idle,5
-776,2948,-17420,-418,761,-61,idle,5
-908,3064,-16968,-31,439,30,idle,5
-872,3044,-17232,-312,700,-267,idle,5
-780,3116,-17076,-303,683,273,idle,5
-852,3076,-17344,-219,590,75,idle,5
-1076,2948,-17324,-123,536,-58,idle,5
-688,3104,-17080,-129,527,-11,idle,5
-1140,3040,-17132,-271,733,-127,idle,5
-880,3048,-17172,-368,640,65,idle,6
-972,3064,-17052,-92,770,-73,idle,6
-1200,3052,-17076,-416,793,-341,idle,6
-780,2936,-17156,-404,810,203,idle,6
-936,2912,-17204,-282,662,-194,idle,6
-876,2908,-17268,-297,732,-104,idle,6
-876,3008,-17136,-363,745,-15,idle,6
-964,2920,-17104,-213,741,-163,idle,6
-896,3084,-17172,-376,1153,-11,idle,6
-932,2880,-17420,-541,932,-160,idle,6
-916,2852,-17040,-195,460,-113,idle,6
-728,2968,-17188,-281,674,247,idle,6
-868,2848,-17152,-110,557,-4,idle,6
-1052,2924,-16860,-307,538,1,idle,6
-580,2936,-17252,-156,767,-22,idle,6
-856,2984,-17148,-205,542,-34,idle,6
-1024,2780,-17312,65,387,-196,idle,6
-1008,2888,-16960,-397,714,88,idle,6
-744,3076,-17080,-44,843,57,idle,6
-896,2868,-17224,-399,647,312,idle,6
-992,2704,-17164,-298,657,-38,idle,7
-1028,2896,-17256,-40,545,149,idle,7
-992,2752,-17144,-356,762,72,idle,7
-1052,2804,-17304,-195,552,15,idle,7
-1136,2528,-16996,-89,1051,-153,idle,7
-960,2604,-17236,-80,873,11,idle,7
-1008,2512,-17352,-289,361,-76,idle,7
-1180,2372,-17484,-294,573,-335,idle,7
-1136,2592,-17268,-384,716,-274,idle,7
-1000,2652,-17264,173,574,72,idle,7
-1160,2484,-17328,-328,654,44,idle,7
-1196,2680,-17136,-231,574,204,idle,7
-1092,2524,-17320,-565,672,50,idle,7
-1248,2708,-17272,-412,724,90,idle,7
-1092,2648,-17080,-710,984,96,idle,7
-1088,2832,-17252,-823,723,326,idle,7
-940,2700,-17132,-355,486,-61,idle,7
-1080,2896,-17300,-463,824,-173,idle,7
-928,2928,-17112,-191,623,-19,idle,7
-936,2812,-17204,-229,590,109,idle,7
-996,2996,-17228,-216,645,174,idle,8
-1004,2788,-17056,-257,628,-216,idle,8
-1048,2780,-17484,-240,665,-61,idle,8
-1000,2880,-17184,-146,583,110,idle,8
-872,2896,-17312,-307,767,101,idle,8
-900,2908,-17140,-100,421,291,idle,8
-756,2764,-17024,-605,559,11,idle,8
-1060,2828,-17320,-290,865,-19,idle,8
-752,2860,-17128,-250,458,41,idle,8
-1020,2996,-17132,-274,691,127,idle,8
-1020,2968,-17252,-242,618,91,idle,8
-1164,2836,-17120,-339,663,-97,idle,8
-948,2860,-17004,-249,770,-136,idle,8
-872,2896,-17236,-288,755,-139,idle,8
-1076,2860,-17180,53,297,34,idle,8
-1104,2576,-17452,-220,496,91,idle,8
-1108,2912,-17348,-180,683,35,idle,8
-912,2552,-17088,-287,618,19,idle,8
-980,2448,-17084,-117,352,241,idle,8
-1244,2460,-17188,329,404,-86,idle,8
-1424,2256,-17224,-174,491,90,idle,9
-1128,2344,-17284,80,360,366,idle,9
-1384,2440,-17280,-314,602,101,idle,9
-1372,2332,-17208,-294,748,81,idle,9
-1280,2500,-17232,-173,653,16,idle,9
-1324,2540,-17008,-332,846,-55,idle,9
-1108,2376,-17284,-240,576,43,idle,9
-1280,2604,-17096,-492,725,124,idle,9
-1216,2352,-17324,-239,859,-144,idle,9
-1080,2412,-17364,-233,475,81,idle,9
-1068,2568,-17208,-426,783,-108,idle,9
-1108,2480,-17236,-230,749,-252,idle,9
-1140,2464,-17088,-222,640,-103,idle,9
-1296,2036,-17524,25,374,335,idle,9
-968,2324,-17236,-225,486,215,idle,9
-1160,2388,-17308,-267,818,102,idle,9
-1040,2660,-17432,-218,497,266,idle,9
-1036,2332,-16888,-331,491,-106,idle,9
-1304,2268,-17452,-246,748,-231,idle,9
-1216,2272,-17152,-100,702,-319,idle,9
-1380,2380,-17236,25,728,79,idle,10
-980,2436,-17312,-461,808,8,idle,10
-1348,2472,-17504,-184,775,259,idle,10
-924,2572,-17116,-586,748,106,idle,10
-1380,2384,-17260,-200,869,-50,idle,10
-940,2944,-17032,-639,1051,581,idle,10
-704,2664,-17164,-405,495,195,idle,10
-1020,2700,-17276,-511,564,-192,idle,10
-824,2492,-17600,-166,676,-578,idle,10
-1320,2544,-17180,-150,393,-38,idle,10
-516,2564,-16928,-90,452,209,idle,10
-1516,2496,-17620,-36,594,-524,idle,10
-1488,2224,-17300,-182,349,35,idle,10
-1088,2384,-17192,82,242,-28,idle,10
-1420,2180,-17252,-178,530,-38,idle,10
-1072,2644,-16852,-649,1108,-15,idle,10
-1500,2332,-17252,-484,793,0,idle,10
-856,2512,-17360,-287,902,-576,idle,10
-1252,2612,-17128,-597,890,-85,idle,10
-1028,2068,-17152,-368,487,-94,idle,10
-60,2308,-17136,-421,904,321,idle,11
-204,1444,-18292,81,-62,581,idle,11
32,3188,-16716,150,740,1313,idle,11
60,2512,-16648,-783,310,689,idle,11
180,3792,-17452,146,1263,-563,idle,11
132,2796,-16644,-1382,1462,72,idle,11
0,2608,-17816,-679,609,-16,idle,11
-540,2676,-17264,-171,464,64,idle,11
-48,2904,-16896,-448,656,-36,idle,11
-144,2856,-17520,-7,843,51,idle,11
600,2956,-17128,-247,415,-399,idle,11
-472,2564,-17212,-57,301,-200,idle,11
120,2724,-17004,28,486,184,idle,11
-420,2540,-17404,-19,935,-192,idle,11
-332,2800,-17284,-539,1011,411,idle,11
636,2616,-17020,-502,1198,-254,idle,11
-56,2672,-17484,-127,513,-373,idle,11
-240,2784,-17092,-383,622,-97,idle,11
140,2416,-17104,-230,535,-723,idle,11
-644,2152,-17392,0,1007,-324,idle,11
-88,2372,-17384,-294,1047,-259,idle,12
-476,2332,-17516,-699,1203,-225,idle,12
148,2620,-17352,-176,425,-392,idle,12
108,2744,-16924,-809,1600,-635,idle,12
-360,2344,-17580,-332,1010,-75,idle,12
324,2616,-17456,-151,1274,-120,idle,12
-472,2164,-17396,-513,634,-507,idle,12
32,2420,-17560,-142,666,518,idle,12
280,2784,-17660,79,468,460,idle,12
-204,1952,-17364,461,328,-237,idle,12
404,2164,-17084,-341,422,68,idle,12
-472,2268,-17556,-753,1327,-43,idle,12
-140,1776,-17220,-328,411,219,idle,12
-172,2492,-17600,-433,957,115,idle,12
-68,2608,-17096,-444,1085,286,idle,12
-168,2268,-17476,68,-179,-287,idle,12
-16,2704,-17412,-422,872,-127,idle,12
-284,2584,-17420,-436,-294,405,idle,12
-576,2104,-17184,-549,1077,510,idle,12
-8,2416,-17432,-208,96,458,idle,12
-224,2552,-17308,-296,653,139,idle,13
-608,2348,-17208,-617,1016,-158,idle,13
-384,2500,-17292,61,828,-246,idle,13
-292,2124,-17316,-171,923,-300,idle,13
-320,2472,-17540,109,829,-530,idle,13
164,2396,-17048,-1146,1118,88,idle,13
12,2760,-17116,-317,813,-282,idle,13
-328,2556,-17516,-353,925,-198,idle,13
-32,2440,-17488,-297,525,170,idle,13
16,2592,-17228,-146,441,-62,idle,13
28,2604,-17184,-347,792,29,idle,13
-88,2488,-17336,-530,664,204,idle,13
-68,2764,-17188,-585,1121,55,idle,13
-60,2628,-17136,-195,533,-97,idle,13
68,2652,-17292,56,706,40,idle,13
20,2420,-17300,-57,595,5,idle,13
100,2632,-17172,-118,700,-135,idle,13
128,2320,-17232,-192,718,74,idle,13
16,2472,-17472,-221,816,61,idle,13
36,2512,-17364,-172,683,235,idle,13
36,2220,-17324,-121,890,278,idle,14
204,2080,-17588,-401,499,557,idle,14
-60,2164,-17248,-192,512,89,idle,14
20,2056,-17420,-84,626,95,idle,14
-204,2068,-17312,-199,718,-168,idle,14
176,1984,-17780,162,397,203,idle,14
-20,2124,-17384,-311,424,-64,idle,14
112,1972,-17288,-578,863,-648,idle,14
-504,2060,-17460,-316,1048,-209,idle,14
172,2088,-17312,-366,799,-368,idle,14
-116,2040,-17408,-473,944,-395,idle,14
204,2280,-17460,-257,854,228,idle,14
140,2140,-17320,-217,801,-331,idle,14
140,2188,-17196,-237,1030,-408,idle,14
432,2168,-17216,-588,804,-13,idle,14
460,2272,-17736,-346,779,23,idle,14
384,2312,-17468,-222,277,1,idle,14
420,2292,-17428,-191,622,111,idle,14
-140,1992,-17372,-121,629,-24,idle,14
384,2212,-17200,-202,605,679,idle,14
124,2160,-17328,-29,382,108,idle,15
172,2320,-17324,-57,268,222,idle,15
-68,1992,-17400,-281,527,50,idle,15
-420,2124,-17548,-94,818,147,idle,15
360,2328,-17120,-472,538,157,idle,15
44,2224,-17628,-119,853,160,idle,15
260,2380,-17520,-108,394,-90,idle,15
-212,2108,-17148,-498,941,-361,idle,15
100,1960,-17476,-221,662,108,idle,15
-84,2336,-17276,-362,724,-106,idle,15
92,2056,-17412,-251,540,-323,idle,15
-208,1976,-17548,-314,625,-74,idle,15
108,2244,-17232,-328,897,119,idle,15
-192,2028,-17584,-259,352,75,idle,15
-148,2084,-17392,-547,735,314,idle,15
72,2056,-17340,-291,723,168,idle,15
-64,2232,-17496,-164,606,38,idle,15
52,2184,-17548,-181,650,44,idle,15
52,2288,-17172,-298,992,-81,idle,15
124,1940,-17680,6,358,-135,idle,15
72,2072,-17444,-310,790,-11,idle,16
116,2224,-17324,-266,719,54,idle,16
328,2264,-17296,-162,587,-226,idle,16
56,2220,-17392,-90,549,125,idle,16
120,2328,-17320,-162,711,130,idle,16
-56,2284,-17528,-138,377,-96,idle,16
132,2052,-17724,-510,683,84,idle,16
72,2208,-16988,-59,525,-196,idle,16
64,2240,-17740,-829,709,-311,idle,16
-24,2152,-17284,-449,833,-88,idle,16
-192,2200,-17468,-484,713,78,idle,16
184,2560,-17352,-313,828,246,idle,16
52,2496,-17276,-330,804,68,idle,16
52,2812,-17428,-458,810,685,idle,16
108,2528,-17156,-177,611,32,idle,16
244,2444,-17324,-119,860,55,idle,16
180,2568,-17440,-312,585,57,idle,16
168,2600,-17288,-240,709,-104,idle,16
8,2564,-17360,-323,573,-418,idle,16
88,2384,-17368,-146,382,86,idle,16
-172,2232,-17356,-244,580,-67,idle,17
172,2392,-17272,17,867,-61,idle,17
228,2144,-17392,-627,804,-201,idle,17
112,2140,-17276,102,725,142,idle,17
80,2324,-17252,-141,795,-61,idle,17
-28,2180,-17316,-344,676,14,idle,17
56,2136,-17304,-305,777,-27,idle,17
32,2104,-17396,-283,864,-35,idle,17
-16,2088,-17372,-213,823,39,idle,17
180,2200,-17488,-469,877,266,idle,17
104,2076,-17292,-318,742,-188,idle,17
104,2192,-17288,-420,719,113,idle,17
112,2228,-17560,-397,830,49,idle,17
312,2148,-17276,-74,629,142,idle,17
-24,2040,-17472,-254,658,102,idle,17
184,2288,-17300,-206,724,-82,idle,17
168,2172,-17308,-103,768,-17,idle,17
64,2092,-17208,-404,725,-54,idle,17
204,2028,-17288,-303,633,-22,idle,17
112,2440,-17456,-111,811,70,idle,17
160,2216,-17164,-437,825,-51,idle,18
300,2456,-17340,-208,995,10,idle,18
264,2276,-17660,-397,730,-70,idle,18
44,2300,-17268,-576,1041,456,idle,18
604,2412,-17256,-468,988,-113,idle,18
348,2268,-17152,-508,887,256,idle,18
580,2436,-17380,-130,602,402,idle,18
748,2528,-17404,696,-467,-95,idle,18
-508,1820,-17452,487,-1524,-1092,idle,18
-1028,1932,-17312,185,-278,-552,idle,18
-172,1928,-17160,-1075,591,245,idle,18
-596,2412,-17540,-628,928,-314,idle,18
-464,2392,-17192,-534,520,-96,idle,18
-692,2196,-17460,-782,353,-154,idle,18
-548,2268,-17128,-384,736,484,idle,18
-648,2424,-17120,-343,786,54,idle,18
-636,2588,-17432,-320,431,-172,idle,18
-280,2872,-17312,-316,745,-218,idle,18
-876,2372,-17204,-135,628,431,idle,18
-484,2656,-17308,-279,483,30,idle,18
-740,2768,-17280,-486,917,-35,idle,19
-800,2572,-17052,-211,593,-36,idle,19
-404,2524,-17344,-171,758,425,idle,19
-520,2964,-17044,-536,1142,27,idle,19
-132,3000,-17068,-168,797,-152,idle,19
-212,3268,-16880,-1078,1505,-495,idle,19
-1100,3064,-17424,-933,1690,-755,idle,19
320,2880,-17296,-521,471,558,idle,19
64,3116,-17132,-247,374,283,idle,19
-576,3372,-17264,-137,754,-65,idle,19
-468,2832,-17128,-103,222,-235,idle,19
-304,3204,-17364,-599,778,414,idle,19
-184,3172,-17196,-20,380,-60,idle,19
-256,3296,-17252,-307,477,186,idle,19
-296,3024,-17216,47,388,-106,idle,19
-760,3148,-17132,8,542,220,idle,19
80,2928,-17256,158,593,317,idle,19
-424,3036,-17296,-204,712,476,idle,19
-188,2900,-17556,-68,621,447,idle,19
-804,2704,-17092,-258,507,-81,idle,19
-844,2696,-17328,-396,380,126,idle,20
-316,2720,-17404,-252,880,-224,idle,20
-456,2960,-17240,-18,874,41,idle,20
-928,2768,-17052,-463,808,-290,idle,20
-332,2452,-17888,-264,625,36,idle,20
-192,2968,-17080,168,1000,224,idle,20
-848,2924,-16868,-1005,1238,-132,idle,20
-784,2860,-17532,-712,548,-95,idle,20
-544,2792,-17176,51,256,-151,idle,20
-252,2556,-17412,-180,786,211,idle,20
-604,2776,-16652,-781,815,298,idle,20
-984,2500,-17548,-630,597,-40,idle,20
-800,2628,-17664,193,394,-574,idle,20
-48,3012,-16980,-265,891,128,idle,20
-424,2824,-17196,-515,896,234,idle,20
-836,2708,-17764,-390,603,112,idle,20
-696,2756,-17080,-326,602,-201,idle,20
-4,2668,-16968,-324,695,82,idle,20
-420,2784,-17324,-46,739,-269,idle,20
-760,2744,-17572,-103,769,-158,idle,20
-228,2856,-17240,114,683,74,idle,21
-372,2508,-17048,-829,952,548,idle,21
-460,2728,-17500,4,597,231,idle,21
-592,2624,-17148,-632,784,-156,idle,21
-200,2596,-17560,-332,277,64,idle,21
-188,2800,-17376,211,728,-173,idle,21
-176,3048,-16884,-257,880,-188,idle,21
-164,2472,-17272,-864,465,519,idle,21
-844,2684,-17420,13,636,-337,idle,21
36,2836,-17436,45,244,-234,idle,21
-308,2544,-17172,-374,699,262,idle,21
-528,2776,-17204,-833,807,352,idle,21
-4,2512,-17664,251,402,-83,idle,21
-8,2992,-16744,36,947,-65,idle,21
-860,2548,-17260,-946,615,166,idle,21
-160,2544,-17564,159,463,-450,idle,21
-76,2700,-17188,17,748,209,idle,21
-740,2748,-16948,-702,901,230,idle,21
-648,2476,-17572,-190,290,-300,idle,21
-144,2616,-17380,191,360,-73,idle,21
-508,2764,-17092,-231,622,39,idle,22
-272,2884,-17252,-256,606,290,idle,22
-472,2744,-17148,-193,525,-68,idle,22
-496,2848,-17236,-155,496,-117,idle,22
-428,2684,-17372,401,185,-77,idle,22
-460,2760,-17140,-418,874,-71,idle,22
-656,2708,-17476,-355,645,-113,idle,22
-108,3020,-17036,-295,783,58,idle,22
-440,2704,-17184,-285,616,165,idle,22
-36,2684,-17184,-401,775,171,idle,22
-524,2724,-17512,-257,961,28,idle,22
-316,2896,-17280,-240,725,-112,idle,22
-136,2956,-16920,-468,684,128,idle,22
-504,2724,-17300,-739,493,275,idle,22
-328,2896,-17472,85,526,-311,idle,22
-136,2984,-17184,-251,1181,33,idle,22
-540,2760,-16956,-571,794,162,idle,22
-468,2716,-17484,-115,685,-23,idle,22
-372,2820,-17412,333,512,12,idle,22
-312,2936,-16920,-474,847,151,idle,22
-144,2768,-17208,311,236,-94,idle,23
-184,2928,-16988,-541,1221,639,idle,23
-776,2536,-17668,-451,525,-172,idle,23
152,2744,-17432,282,555,-349,idle,23
-152,3032,-16952,-427,898,237,idle,23
-660,2676,-17120,-652,597,138,idle,23
-72,2804,-17688,160,680,-213,idle,23
-92,2916,-16880,86,400,88,idle,23
-568,2772,-17112,-532,878,271,idle,23
-660,2616,-17616,-173,242,-327,idle,23
-260,2856,-17528,242,466,-314,idle,23
84,2844,-17068,-293,670,282,idle,23
-496,2676,-16988,-417,987,222,idle,23
-568,2552,-17548,-575,599,-121,idle,23
-208,2852,-17492,375,510,-375,idle,23
-240,2960,-17024,-279,976,181,idle,23
-308,2964,-17384,-648,664,275,idle,23
-308,2664,-17380,-454,616,40,idle,23
-160,3064,-16952,-67,1119,-81,idle,23
-548,2840,-17236,-265,524,313,idle,23
296,3060,-16996,-257,643,-95,idle,24
-180,2992,-17468,-244,921,-114,idle,24
-48,3016,-17192,-309,490,135,idle,24
-388,2856,-17036,-233,600,-259,idle,24
-8,3028,-17568,-424,773,-78,idle,24
-500,2900,-17004,-279,623,-238,idle,24
-280,2932,-17220,-278,578,-15,idle,24
-32,3056,-17260,-252,709,-64,idle,24
-160,3000,-17272,-292,646,19,idle,24
-288,2988,-17188,-368,768,-19,idle,24
-88,3120,-17244,-188,616,100,idle,24
16,2992,-17372,-184,500,124,idle,24
-292,2952,-17212,-219,724,33,idle,24
-12,2972,-17136,-41,278,141,idle,24
-264,2856,-17296,-59,218,354,idle,24
-340,2880,-16996,34,233,283,idle,24
-224,2864,-17364,2,352,289,idle,24
-360,2652,-17388,46,62,357,idle,24
-472,2616,-17104,-319,832,218,idle,24
-548,2880,-17180,200,385,526,idle,24
-796,2520,-17288,-360,703,202,idle,25
-484,2708,-17192,-177,215,362,idle,25
-924,2828,-17204,-288,1083,325,idle,25
-472,2684,-17144,-622,1113,208,idle,25
-104,2696,-17236,-242,562,23,idle,25
-580,3048,-17284,-801,1012,-776,idle,25
-200,2952,-16920,-374,1019,107,idle,25
-12,2888,-17380,-221,853,-303,idle,25
-412,3012,-17216,-409,835,-165,idle,25
-48,2972,-17136,-299,527,-218,idle,25
-192,2888,-17212,-247,832,75,idle,25
-48,3228,-17212,36,337,41,idle,25
-328,2880,-17312,-218,377,-204,idle,25
-180,2992,-17144,-369,443,137,idle,25
4,2968,-17312,69,588,149,idle,25
-80,3016,-17204,-294,527,-349,idle,25
-316,2752,-17240,-428,1021,-278,idle,25
-148,2708,-17264,-95,312,443,idle,25
-48,2976,-17100,-184,789,-82,idle,25
-140,2828,-17356,-192,668,-129,idle,25
-316,2620,-17372,-343,967,56,idle,26
-256,2732,-17232,-523,745,-157,idle,26
-228,2728,-17212,-346,852,-74,idle,26
40,2788,-17388,-192,313,288,idle,26
-180,2708,-17296,-257,829,389,idle,26
-108,2796,-17240,-251,438,-91,idle,26
-180,2592,-17404,-259,867,39,idle,26
-228,2660,-17140,-257,788,31,idle,26
-60,2812,-17448,-300,894,-106,idle,26
-312,2676,-17184,-347,697,-64,idle,26
88,2904,-17100,-108,780,116,idle,26
-132,2676,-17304,-341,604,-467,idle,26
-120,2724,-17260,-90,528,-87,idle,26
-448,2664,-17364,-253,657,23,idle,26
-148,2712,-17152,-402,514,-205,idle,26
-484,2424,-17408,-326,819,-55,idle,26
44,2764,-17320,-413,623,225,idle,26
-476,2656,-17116,-288,811,-174,idle,26
-200,2560,-17300,-39,473,47,idle,26
-96,2724,-17392,-356,729,54,idle,26
-532,2624,-17164,-259,712,-171,idle,27
-204,2760,-17236,-106,987,-335,idle,27
-308,2592,-17228,-297,1087,-151,idle,27
-440,2812,-17240,-365,833,-76,idle,27
-4,3116,-17080,-194,747,-132,idle,27
52,2744,-17348,-488,919,-190,idle,27
-284,2752,-17264,-387,458,219,idle,27
-20,2724,-17144,-234,605,-111,idle,27
-152,2500,-17264,-192,549,128,idle,27
8,2656,-17176,-56,619,149,idle,27
-244,2660,-17228,-360,553,-73,idle,27
184,2524,-17352,-493,317,-1284,idle,27
-488,2548,-17292,-306,632,448,idle,27
-284,2800,-17280,-489,701,12,idle,27
-80,2508,-17280,-147,525,16,idle,27
-276,2740,-17444,-346,765,43,idle,27
-136,2704,-17236,-203,542,75,idle,27
-264,2588,-17332,-307,805,24,idle,27
-228,2720,-17492,-176,592,51,idle,27
-420,2660,-17052,-192,573,71,idle,27
-416,2664,-17332,-157,454,-132,idle,28
-60,2740,-17304,-219,515,236,idle,28
-256,2616,-17156,-121,877,498,idle,28
-288,2356,-17416,-384,542,-56,idle,28
-624,2904,-16988,-218,850,-84,idle,28
-276,2556,-17488,-281,513,156,idle,28
-456,2668,-17244,-197,699,-285,idle,28
-224,2432,-17448,-357,596,-448,idle,28
-624,2464,-17108,-383,710,-457,idle,28
-312,2436,-17268,-223,592,290,idle,28
-420,2736,-17288,-404,948,164,idle,28
-712,2484,-17268,-245,577,-35,idle,28
-232,2520,-17200,-263,852,35,idle,28
-16,2756,-17464,-380,993,74,idle,28
-204,2692,-17248,-366,634,-101,idle,28
-88,2604,-17188,-188,666,168,idle,28
-96,2584,-17232,-340,729,-12,idle,28
-32,2760,-17612,-261,896,-50,idle,28
60,2624,-17164,-131,303,156,idle,28
-124,2704,-17436,-172,606,32,idle,28
-224,2544,-17216,-491,542,-25,idle,29
-28,2456,-17472,-239,753,9,idle,29
-64,2684,-17396,-304,576,13,idle,29
-168,2492,-17320,-88,549,-87,idle,29
96,2512,-17380,-354,403,102,idle,29
-368,2612,-17176,-459,863,12,idle,29
212,2596,-17292,-469,477,-153,idle,29
-132,2704,-17280,-145,511,-61,idle,29
-40,2660,-17268,-191,904,274,idle,29
-76,2680,-17332,-216,493,-130,idle,29
-52,2736,-17292,-296,837,11,idle,29
-320,2548,-17220,-314,521,67,idle,29
-180,2652,-17176,-106,657,-109,idle,29
-76,2520,-17280,120,708,-73,idle,29
-312,2508,-17468,-338,573,-64,idle,29
172,2460,-17276,-161,595,28,idle,29
-308,2580,-17644,-256,803,-146,idle,29
-100,2536,-17000,-228,527,-108,idle,29
-92,2508,-17476,-222,465,120,idle,29
-208,2524,-17276,-203,712,-51,idle,29
188,-396,-17560,-246,684,-30,idle,30
116,-388,-17616,-277,676,11,idle,30
124,-308,-17544,-244,620,7,idle,30
120,-340,-17512,-234,655,-27,idle,30
164,-364,-17472,-285,688,2,idle,30
232,-328,-17452,-234,673,29,idle,30
20,-324,-17600,-250,661,-40,idle,30
200,-296,-17524,-244,643,4,idle,30
224,-416,-17524,-268,662,-4,idle,30
112,-476,-17464,-297,667,4,idle,30
136,-320,-17524,-260,642,-31,idle,30
164,-392,-17572,-270,669,-16,idle,30
164,-336,-17564,-272,647,-13,idle,30
32,-316,-17444,-230,648,-6,idle,30
180,-412,-17464,-289,685,-22,idle,30
136,-360,-17496,-272,661,20,idle,30
152,-384,-17524,-247,642,-3,idle,30
124,-360,-17564,-274,651,-1,idle,30
236,-372,-17532,-262,654,2,idle,30
116,-336,-17524,-252,655,-17,idle,30
76,-352,-17416,-246,634,-17,idle,31
140,-376,-17528,-232,661,-29,idle,31
180,-336,-17472,-276,663,-26,idle,31
180,-336,-17536,-263,646,12,idle,31
92,-396,-17508,-269,652,-13,idle,31
168,-328,-17472,-275,665,11,idle,31
160,-368,-17584,-235,647,27,idle,31
156,-368,-17444,-271,660,2,idle,31
108,-324,-17480,-254,672,22,idle,31
172,-352,-17476,-228,656,-2,idle,31
160,-400,-17496,-226,660,29,idle,31
36,-312,-17512,-246,663,-13,idle,31
196,-420,-17504,-232,676,-31,idle,31
184,-360,-17508,-252,645,-34,idle,31
148,-328,-17492,-254,622,12,idle,31
36,-352,-17556,-263,681,-12,idle,31
196,-324,-17444,-234,668,-22,idle,31
184,-364,-17484,-260,663,-10,idle,31
104,-348,-17604,-256,652,21,idle,31
248,-356,-17572,-252,667,-27,idle,31
148,-352,-17512,-268,642,-42,idle,32
120,-392,-17604,-261,657,-15,idle,32
156,-328,-17500,-245,685,26,idle,32
172,-360,-17560,-251,653,28,idle,32
172,-336,-17484,-234,644,-7,idle,32
92,-392,-17480,-244,639,-13,idle,32
188,-328,-17380,-260,649,-21,idle,32
148,-292,-17488,-226,621,48,idle,32
192,-364,-17560,-249,668,-11,idle,32
132,-360,-17496,-240,621,-24,idle,32
200,-392,-17500,-250,640,-3,idle,32
168,-316,-17568,-262,676,20,idle,32
120,-304,-17620,-260,659,31,idle,32
120,-312,-17548,-238,663,-14,idle,32
188,-368,-17548,-252,661,-19,idle,32
112,-344,-17488,-255,662,-2,idle,32
120,-364,-17508,-270,669,-6,idle,32
156,-360,-17588,-263,659,23,idle,32
196,-384,-17508,-252,672,7,idle,32
152,-304,-17492,-256,672,-29,idle,32
96,-308,-17472,-250,660,-24,idle,33
216,-364,-17468,-290,678,-29,idle,33
184,-400,-17604,-226,650,-36,idle,33
200,-424,-17552,-241,638,-6,idle,33
68,-392,-17496,-270,673,6,idle,33
116,-328,-17460,-245,657,-6,idle,33
72,-412,-17424,-260,652,18,idle,33
96,-288,-17552,-269,657,-8,idle,33
124,-368,-17436,-233,652,-16,idle,33
148,-400,-17512,-273,658,-22,idle,33
136,-272,-17492,-263,655,-20,idle,33
204,-380,-17500,-281,642,-1,idle,33
112,-340,-17476,-236,652,-8,idle,33
140,-324,-17544,-262,636,-6,idle,33
188,-344,-17584,-249,656,8,idle,33
148,-364,-17540,-252,643,17,idle,33
128,-332,-17484,-237,664,-35,idle,33
88,-368,-17464,-270,642,12,idle,33
124,-396,-17532,-263,651,-15,idle,33
116,-384,-17400,-254,654,-20,idle,33
72,-392,-17604,-263,642,13,idle,34
156,-368,-17564,-246,706,-32,idle,34
192,-364,-17612,-226,641,-2,idle,34
120,-380,-17448,-259,648,-66,idle,34
152,-384,-17532,-239,672,10,idle,34
148,-384,-17532,-258,654,-22,idle,34
60,-380,-17516,-267,660,4,idle,34
144,-324,-17468,-248,667,10,idle,34
60,-348,-17584,-228,624,8,idle,34
184,-424,-17504,-260,656,0,idle,34
144,-372,-17512,-251,643,-26,idle,34
204,-340,-17492,-284,649,14,idle,34
92,-380,-17520,-244,685,9,idle,34
160,-324,-17544,-286,666,27,idle,34
116,-296,-17536,-280,660,-21,idle,34
80,-400,-17576,-240,656,2,idle,34
96,-288,-17500,-232,669,4,idle,34
168,-400,-17632,-265,650,16,idle,34
136,-328,-17620,-268,653,-5,idle,34
220,-288,-17504,-238,677,1,idle,34
192,-392,-17528,-244,672,-21,idle,35
164,-328,-17484,-241,640,-1,idle,35
188,-336,-17508,-256,669,-10,idle,35
144,-368,-17584,-253,640,-10,idle,35
128,-248,-17516,-262,644,2,idle,35
136,-364,-17576,-216,636,-8,idle,35
196,-392,-17560,-270,669,17,idle,35
152,-292,-17564,-273,656,1,idle,35
144,-344,-17484,-248,650,-17,idle,35
164,-396,-17636,-271,695,-10,idle,35
128,-284,-17456,-268,652,-15,idle,35
160,-396,-17416,-275,640,13,idle,35
128,-356,-17488,-255,684,-3,idle,35
68,-340,-17496,-227,661,-13,idle,35
108,-400,-17544,-255,653,-15,idle,35
144,-384,-17456,-228,671,-25,idle,35
72,-336,-17568,-249,650,16,idle,35
184,-360,-17520,-243,649,-8,idle,35
184,-380,-17564,-254,663,-5,idle,35
80,-324,-17612,-258,663,-11,idle,35
136,-360,-17476,-244,675,-30,idle,36
112,-444,-17472,-250,642,19,idle,36
156,-352,-17492,-227,663,8,idle,36
112,-416,-17476,-261,660,31,idle,36
192,-364,-17528,-243,660,-36,idle,36
100,-344,-17532,-220,681,-28,idle,36
112,-408,-17528,-260,637,11,idle,36
188,-372,-17564,-250,646,-14,idle,36
124,-384,-17504,-221,678,4,idle,36
128,-348,-17560,-272,668,-33,idle,36
240,-376,-17588,-243,663,23,idle,36
80,-312,-17532,-254,645,-18,idle,36
60,-396,-17496,-261,638,13,idle,36
232,-392,-17476,-228,652,5,idle,36
176,-312,-17568,-255,656,-9,idle,36
56,-308,-17524,-248,684,52,idle,36
136,-368,-17516,-250,690,-8,idle,36
204,-304,-17496,-258,640,27,idle,36
228,-412,-17484,-259,659,17,idle,36
88,-340,-17516,-277,668,3,idle,36
160,-304,-17568,-262,653,23,idle,37
140,-368,-17584,-257,668,19,idle,37
160,-276,-17520,-246,650,-14,idle,37
148,-352,-17504,-255,646,7,idle,37
112,-308,-17512,-227,683,-33,idle,37
136,-304,-17544,-246,659,-1,idle,37
148,-396,-17608,-268,651,16,idle,37
140,-376,-17508,-251,667,-4,idle,37
152,-284,-17560,-271,682,-37,idle,37
168,-304,-17472,-287,630,-9,idle,37
160,-352,-17496,-266,680,-24,idle,37
156,-388,-17464,-266,668,-3,idle,37
156,-344,-17564,-250,641,-21,idle,37
140,-404,-17468,-273,675,-11,idle,37
140,-388,-17548,-241,654,4,idle,37
124,-316,-17500,-281,687,-7,idle,37
144,-392,-17440,-231,650,5,idle,37
124,-340,-17536,-248,641,13,idle,37
164,-348,-17524,-259,642,-6,idle,37
148,-276,-17560,-260,655,0,idle,37
160,-352,-17468,-281,684,4,idle,38
176,-328,-17488,-251,664,21,idle,38
136,-356,-17596,-251,634,1,idle,38
108,-384,-17632,-268,700,1,idle,38
188,-376,-17536,-267,678,-19,idle,38
224,-360,-17540,-260,662,20,idle,38
112,-364,-17596,-236,667,-5,idle,38
216,-348,-17596,-273,668,-10,idle,38
132,-344,-17560,-258,664,22,idle,38
168,-376,-17580,-228,642,58,idle,38
104,-340,-17564,-254,662,-2,idle,38
172,-300,-17560,-225,666,3,idle,38
136,-420,-17468,-290,650,-51,idle,38
124,-304,-17492,-262,694,-9,idle,38
136,-324,-17600,-247,641,9,idle,38
76,-316,-17516,-236,648,20,idle,38
160,-352,-17508,-262,684,-13,idle,38
96,-320,-17536,-259,628,-19,idle,38
148,-336,-17492,-264,632,21,idle,38
172,-340,-17560,-245,659,-26,idle,38
96,-284,-17544,-267,634,33,idle,39
148,-404,-17464,-250,654,-2,idle,39
120,-356,-17612,-246,698,-23,idle,39
132,-332,-17488,-258,672,3,idle,39
104,-380,-17476,-250,695,-7,idle,39
152,-432,-17596,-241,658,15,idle,39
132,-368,-17640,-243,664,24,idle,39
112,-352,-17584,-237,650,-10,idle,39
104,-460,-17488,-250,641,14,idle,39
116,-368,-17608,-252,660,-10,idle,39
96,-352,-17552,-262,657,3,idle,39
120,-396,-17548,-261,653,-9,idle,39
168,-324,-17520,-218,645,1,idle,39
140,-364,-17600,-236,678,-20,idle,39
144,-380,-17612,-252,669,2,idle,39
192,-320,-17552,-265,652,9,idle,39
96,-364,-17612,-236,661,-22,idle,39
144,-368,-17576,-257,676,17,idle,39
124,-332,-17496,-267,693,1,idle,39
148,-408,-17576,-246,696,19,idle,39
152,-336,-17552,-265,660,22,idle,40
64,-312,-17620,-231,676,36,idle,40
100,-336,-17488,-275,641,-16,idle,40
116,-360,-17548,-249,641,-6,idle,40
168,-312,-17476,-244,663,-33,idle,40
188,-332,-17628,-286,662,-16,idle,40
188,-296,-17572,-278,648,3,idle,40
144,-352,-17600,-244,678,18,idle,40
104,-424,-17480,-252,632,22,idle,40
60,-300,-17568,-245,629,-19,idle,40
84,-428,-17644,-234,622,-46,idle,40
136,-416,-17568,-261,648,11,idle,40
140,-268,-17524,-242,640,39,idle,40
124,-336,-17468,-254,635,-46,idle,40
192,-388,-17456,-250,650,-19,idle,40
188,-332,-17568,-260,664,31,idle,40
92,-324,-17480,-253,661,-17,idle,40
168,-368,-17532,-244,683,4,idle,40
188,-372,-17624,-245,660,21,idle,40
80,-412,-17552,-255,664,-22,idle,40
196,-388,-17400,-273,656,2,idle,41
128,-336,-17564,-267,686,-8,idle,41
112,-260,-17576,-267,679,-18,idle,41
180,-376,-17572,-252,670,-15,idle,41
124,-292,-17532,-235,643,11,idle,41
140,-368,-17556,-251,669,22,idle,41
112,-380,-17484,-272,666,7,idle,41
144,-344,-17476,-266,673,-26,idle,41
224,-424,-17476,-239,675,-1,idle,41
136,-376,-17508,-242,659,3,idle,41
172,-396,-17476,-292,674,-24,idle,41
104,-416,-17424,-252,645,12,idle,41
168,-276,-17356,-277,680,-3,idle,41
108,-404,-17612,-283,666,14,idle,41
164,-312,-17500,-255,645,-14,idle,41
192,-404,-17624,-244,674,-6,idle,41
160,-284,-17588,-253,646,-18,idle,41
92,-344,-17584,-245,654,8,idle,41
176,-356,-17496,-245,686,-26,idle,41
192,-392,-17524,-250,671,-5,idle,41
156,-332,-17448,-257,678,-8,idle,42
160,-300,-17644,-253,666,12,idle,42
108,-344,-17540,-247,649,9,idle,42
152,-348,-17532,-249,662,-51,idle,42
140,-428,-17604,-267,665,43,idle,42
156,-376,-17436,-249,661,14,idle,42
88,-344,-17440,-235,646,-17,idle,42
220,-396,-17592,-245,643,-14,idle,42
148,-356,-17484,-262,636,-8,idle,42
128,-384,-17540,-256,641,6,idle,42
188,-364,-17548,-243,646,-29,idle,42
188,-320,-17544,-252,637,-20,idle,42
116,-312,-17532,-265,644,-32,idle,42
188,-440,-17440,-233,641,-40,idle,42
280,-328,-17540,-226,647,-24,idle,42
152,-360,-17468,-224,681,17,idle,42
160,-384,-17560,-275,647,-8,idle,42
132,-352,-17500,-250,655,-3,idle,42
84,-384,-17464,-242,683,-52,idle,42
152,-332,-17560,-271,664,-38,idle,42
152,-360,-17496,-248,666,11,idle,43
100,-332,-17484,-268,664,8,idle,43
148,-364,-17508,-240,652,-16,idle,43
132,-360,-17536,-244,637,-9,idle,43
200,-400,-17540,-226,672,-35,idle,43
216,-392,-17472,-275,660,8,idle,43
220,-360,-17608,-255,661,-5,idle,43
144,-352,-17532,-247,643,0,idle,43
224,-416,-17472,-266,667,-3,idle,43
136,-416,-17588,-262,673,-20,idle,43
132,-328,-17520,-253,670,-8,idle,43
124,-340,-17536,-285,648,-54,idle,43
164,-460,-17572,-274,663,14,idle,43
68,-308,-17592,-280,673,-12,idle,43
156,-368,-17508,-248,644,-13,idle,43
180,-412,-17508,-252,672,37,idle,43
108,-320,-17456,-253,694,31,idle,43
140,-388,-17612,-248,677,-47,idle,43
156,-432,-17456,-257,667,-36,idle,43
176,-324,-17424,-258,636,13,idle,43
156,-308,-17568,-271,693,-20,idle,44
176,-420,-17524,-273,656,-11,idle,44
144,-404,-17616,-241,653,-5,idle,44
116,-328,-17480,-268,660,0,idle,44
176,-396,-17484,-277,674,1,idle,44
76,-356,-17556,-268,680,-2,idle,44
128,-364,-17456,-231,662,0,idle,44
124,-420,-17528,-256,661,-19,idle,44
120,-284,-17536,-248,673,10,idle,44
148,-320,-17564,-242,656,24,idle,44
132,-356,-17460,-268,635,6,idle,44
104,-392,-17464,-283,641,11,idle,44
132,-392,-17612,-259,663,10,idle,44
176,-440,-17508,-271,677,-15,idle,44
100,-324,-17500,-276,678,36,idle,44
156,-404,-17644,-262,686,21,idle,44
168,-276,-17548,-274,634,4,idle,44
148,-300,-17488,-247,672,-12,idle,44
128,-372,-17516,-264,646,4,idle,44
104,-384,-17528,-267,665,8,idle,44
1360,296,-17160,47,446,23,idle,45
1808,600,-17860,-188,596,5,idle,45
1460,712,-17552,-454,729,82,idle,45
1836,700,-17576,-462,1004,-75,idle,45
1700,740,-17416,448,878,-57,idle,45
1472,444,-17692,144,892,240,idle,45
1900,952,-17236,-1198,519,-508,idle,45
1552,704,-17636,-170,816,-64,idle,45
1812,540,-17468,-478,821,65,idle,45
1944,984,-17416,-212,872,-36,idle,45
1696,520,-17076,-734,-27,-101,idle,45
1640,608,-17768,-814,1238,210,idle,45
1788,716,-17592,-293,922,206,idle,45
1768,644,-17392,-700,907,185,idle,45
1940,664,-17276,-366,608,62,idle,45
1684,852,-17544,-525,812,90,idle,45
1840,848,-17532,-260,827,187,idle,45
1772,652,-17344,-581,865,213,idle,45
1628,928,-17616,-98,493,-45,idle,45
1624,748,-17528,-343,616,44,idle,45
1680,1044,-17516,-350,370,-625,idle,46
1928,836,-17476,-752,858,153,idle,46
1692,1004,-17396,2,556,-70,idle,46
2132,1452,-17480,-439,1504,1620,idle,46
1492,584,-17724,-369,1430,1411,idle,46
1852,444,-17424,388,706,377,idle,46
2208,824,-17444,-42,651,641,idle,46
2004,948,-17600,-1,557,462,idle,46
1908,992,-17628,-79,89,-17,idle,46
1820,492,-17176,-880,724,-94,idle,46
1580,828,-17496,234,429,-570,idle,46
2004,860,-17204,-318,600,-124,idle,46
2012,556,-17676,-31,260,-1170,idle,46
1420,816,-17484,-311,484,162,idle,46
1536,460,-17424,105,411,-331,idle,46
1644,888,-17576,-213,556,-116,idle,46
1744,792,-17584,-600,696,39,idle,46
1540,528,-17420,-231,361,-334,idle,46
1816,880,-17620,-622,484,-262,idle,46
1552,696,-17444,-475,690,250,idle,46
1800,772,-17440,-619,868,16,idle,47
1668,776,-17784,138,727,38,idle,47
1756,820,-17304,-370,1108,109,idle,47
1516,960,-17784,-670,683,39,idle,47
1920,768,-17488,-294,451,-121,idle,47
1912,884,-17496,-199,859,110,idle,47
1624,812,-17372,-303,590,-69,idle,47
1872,892,-17376,-216,969,279,idle,47
1816,808,-17672,-556,850,94,idle,47
1748,576,-17412,-221,924,345,idle,47
1740,788,-17564,-411,805,93,idle,47
1868,788,-17640,-402,788,298,idle,47
1616,664,-17384,-288,642,-151,idle,47
1924,812,-17612,-168,723,119,idle,47
1612,804,-17324,-50,816,381,idle,47
1752,756,-17368,-363,634,15,idle,47
1844,848,-17404,-659,674,14,idle,47
1804,736,-17508,-116,818,-487,idle,47
1596,800,-17448,-264,683,302,idle,47
1752,912,-17284,75,397,167,idle,47
1808,940,-17524,-357,504,-43,idle,48
1480,848,-17440,-131,852,-11,idle,48
1504,804,-17364,-417,865,140,idle,48
1724,880,-17656,-345,657,-177,idle,48
1956,904,-17488,-347,672,4,idle,48
1772,864,-17412,-206,679,-81,idle,48
1944,824,-17312,-486,687,119,idle,48
1764,784,-17596,-437,712,-22,idle,48
1940,1068,-17640,204,151,-150,idle,48
1532,792,-17308,-418,876,69,idle,48
1784,704,-17500,-836,857,-95,idle,48
1776,980,-17396,27,676,118,idle,48
1892,1256,-17508,-183,926,147,idle,48
1928,1040,-17244,-234,644,-5,idle,48
1904,912,-17152,-649,685,-262,idle,48
2012,1184,-17520,-397,741,14,idle,48
1960,1176,-17572,-134,702,-109,idle,48
2028,1120,-17604,-113,648,0,idle,48
2020,1096,-17248,-227,624,64,idle,48
2044,1372,-17624,63,579,105,idle,48
2032,1176,-17556,-468,788,206,idle,49
2308,1236,-17524,-254,724,207,idle,49
2048,1152,-17288,-32,782,278,idle,49
1984,1124,-17496,-620,699,-5,idle,49
2256,1328,-17380,-305,622,85,idle,49
2016,1228,-17560,-135,627,150,idle,49
2112,1124,-17340,-242,613,-74,idle,49
2160,1288,-17404,30,691,-38,idle,49
2060,1216,-17472,-653,794,28,idle,49
2208,1176,-17372,-21,570,-157,idle,49
2284,1404,-17524,-270,802,136,idle,49
1960,1244,-17416,-856,817,-541,idle,49
2288,1236,-17452,-622,826,68,idle,49
2296,1344,-17356,-486,909,-190,idle,49
2180,1452,-17540,-313,862,395,idle,49
2048,1104,-17528,-154,783,72,idle,49
2236,1332,-17308,-66,814,-90,idle,49
2224,1444,-17332,-128,877,46,idle,49
2060,1328,-17536,-466,821,-28,idle,49
2344,1432,-17348,-309,631,-57,idle,49
2304,1492,-17328,-145,483,-137,idle,50
2360,1440,-17492,-124,852,31,idle,50
2260,1288,-17652,345,608,-51,idle,50
2476,1384,-17332,-109,795,-40,idle,50
2388,1476,-17592,-136,566,-58,idle,50
2364,1520,-17240,-357,684,51,idle,50
2268,1404,-17524,-409,744,19,idle,50
2520,1484,-17260,-498,584,184,idle,50
2264,1432,-17508,-132,415,101,idle,50
1868,1448,-17684,125,297,-159,idle,50
2380,1588,-17308,-85,538,81,idle,50
2172,1616,-17316,-289,556,4,idle,50
1976,1520,-17340,-449,533,10,idle,50
2144,1520,-17552,-148,155,-148,idle,50
2300,1404,-17532,-337,705,203,idle,50
2208,1388,-17604,70,850,-104,idle,50
2136,1548,-17416,-479,677,-92,idle,50
1992,1380,-17260,-789,254,-409,idle,50
2112,1308,-17324,-157,813,316,idle,50
2120,1232,-17128,-753,1559,78,idle,50
2248,1464,-17416,49,749,-9,idle,51
2520,1496,-17460,-267,834,192,idle,51
2060,1448,-17308,68,836,9,idle,51
2440,1688,-17492,-143,454,-301,idle,51
2304,1376,-17308,-633,1222,181,idle,51
2308,1396,-17280,-15,312,-239,idle,51
2364,1680,-17284,-73,696,-46,idle,51
2464,1568,-17224,-759,851,233,idle,51
2544,1516,-17664,-470,933,81,idle,51
2568,1528,-17356,-295,913,112,idle,51
2368,1620,-17400,-387,988,222,idle,51
2368,1580,-17524,-155,506,-2,idle,51
2724,1544,-17388,-466,495,-130,idle,51
2464,1592,-17384,-445,689,9,idle,51
2212,1516,-17512,-440,82,-102,idle,51
2384,1764,-17116,-74,431,-17,idle,51
2232,1844,-17408,-214,756,289,idle,51
2244,1740,-17312,-298,534,1,idle,51
2052,1712,-17448,-63,515,191,idle,51
2400,1540,-17344,58,392,-169,idle,51
2096,1776,-17536,-193,662,13,idle,52
2228,1376,-17040,-349,831,-66,idle,52
2064,1544,-17320,-434,590,-54,idle,52
2316,1616,-17284,-292,604,-3,idle,52
2500,1808,-17348,-2004,1823,318,idle,52
2672,1640,-17204,-202,646,-363,idle,52
2536,1724,-17176,230,54,-304,idle,52
2424,1568,-17808,-737,636,203,idle,52
2556,1768,-17392,-45,499,-96,idle,52
2044,1588,-17384,97,323,44,idle,52
2000,1500,-17304,-361,361,72,idle,52
2388,1552,-17332,-317,549,-22,idle,52
2272,1556,-17344,-97,697,-12,idle,52
1904,1496,-17380,-224,447,21,idle,52
1808,1592,-17432,-145,500,5,idle,52
2004,1444,-17252,-479,695,136,idle,52
1892,1540,-17480,-333,415,-205,idle,52
1816,1356,-17292,-303,387,-122,idle,52
2076,1620,-17872,-47,837,240,idle,52
2040,1564,-17532,120,956,600,idle,52
2060,1464,-17416,-251,573,-236,idle,53
2068,1448,-17560,-50,704,-139,idle,53
1908,1368,-17460,-21,647,53,idle,53
2024,1432,-17528,-441,473,52,idle,53
2064,1308,-17332,-30,449,8,idle,53
2124,1396,-17356,-320,841,61,idle,53
1936,1392,-17168,-520,798,340,idle,53
1752,1380,-17560,-195,644,84,idle,53
2272,1372,-17540,-320,570,-38,idle,53
1900,1368,-17444,-518,800,56,idle,53
1812,1348,-17568,-298,697,59,idle,53
1828,1304,-17324,-513,788,164,idle,53
1856,1408,-17412,-129,692,2,idle,53
1808,1252,-17524,28,594,83,idle,53
1628,1276,-17484,-29,717,-193,idle,53
2112,1480,-17572,-454,820,298,idle,53
1880,1344,-17416,-264,780,-10,idle,53
1956,1268,-17448,-160,773,-31,idle,53
1896,1400,-17384,-57,552,-123,idle,53
1908,1352,-17616,-144,598,-95,idle,53
1924,1332,-17524,-73,615,-12,idle,54
1972,1308,-17216,-375,828,93,idle,54
1748,1340,-17524,-304,671,138,idle,54
1976,1204,-17272,-306,557,-68,idle,54
1996,1456,-17396,-341,530,-269,idle,54
2008,1344,-17284,-327,981,157,idle,54
1520,1336,-17952,239,416,26,idle,54
1964,1140,-17308,-26,569,-148,idle,54
1788,1128,-17656,-59,932,235,idle,54
1752,1388,-17484,-319,570,-22,idle,54
1988,1328,-17384,-303,452,-115,idle,54
1992,1352,-17348,-425,797,181,idle,54
1824,1300,-17596,-339,629,300,idle,54
1828,1236,-17444,103,724,59,idle,54
1960,1272,-17516,-159,453,-174,idle,54
1992,1288,-17508,-190,583,64,idle,54
1792,1340,-17588,-293,549,-206,idle,54
1772,1280,-17284,-301,648,-25,idle,54
1936,1356,-17352,-203,757,130,idle,54
1748,1200,-17564,-319,690,103,idle,54
1780,1256,-17292,-98,521,-32,idle,55
1892,1324,-17196,-394,656,-9,idle,55
1896,1520,-17620,-455,647,-32,idle,55
2032,1504,-17488,-490,727,-25,idle,55
1912,1260,-17396,-302,910,233,idle,55
1868,1348,-17516,-262,631,-181,idle,55
2092,1408,-17412,-170,458,-202,idle,55
1940,1444,-17540,-148,697,-77,idle,55
1772,1368,-17440,-68,556,195,idle,55
1764,1312,-17452,-199,371,23,idle,55
1976,1368,-17448,-125,689,-67,idle,55
1916,1424,-17568,-519,759,-14,idle,55
1468,1328,-17532,-261,629,87,idle,55
1672,1384,-17460,-295,131,-1081,idle,55
1936,1404,-17048,-503,795,337,idle,55
1600,1284,-17472,-115,810,241,idle,55
1908,1496,-17672,-40,588,76,idle,55
1916,1336,-17216,-421,648,118,idle,55
1788,1308,-17596,-268,607,-13,idle,55
1656,1428,-17388,-96,606,-307,idle,55
1768,1496,-17480,-228,739,205,idle,56
1936,1384,-17288,-706,746,99,idle,56
1688,1280,-17624,-230,749,-46,idle,56
1984,1364,-17508,-123,688,-14,idle,56
1912,1352,-17624,-376,825,84,idle,56
1892,1188,-17224,-182,757,82,idle,56
1848,1320,-17576,-67,741,63,idle,56
1904,1532,-17508,-212,625,-202,idle,56
1736,1316,-17332,-104,517,-274,idle,56
1872,1252,-17568,-256,723,-2,idle,56
1928,1356,-17632,-153,674,-45,idle,56
1804,1408,-17540,62,621,-94,idle,56
1880,1408,-17352,-133,743,136,idle,56
1764,1472,-17720,-222,613,17,idle,56
1964,1452,-17568,-130,546,-20,idle,56
2044,1452,-17320,-386,681,-6,idle,56
1868,1376,-17444,-263,805,147,idle,56
1776,1292,-17476,-221,748,30,idle,56
2140,1176,-17100,-576,769,113,idle,56
1860,1488,-17756,-180,613,17,idle,56
1848,1452,-17784,-246,628,10,idle,57
1700,1172,-17164,-127,924,100,idle,57
1512,1172,-17492,-205,524,-120,idle,57
1940,1316,-17200,261,391,-221,idle,57
2056,1220,-17320,-437,1059,338,idle,57
1616,956,-17540,-216,533,-252,idle,57
1996,1208,-17436,-363,443,-169,idle,57
2036,1344,-17536,-235,551,-4,idle,57
2020,1280,-17476,-436,852,13,idle,57
1580,1132,-17276,-135,650,4,idle,57
1992,1316,-17484,-483,791,17,idle,57
1868,1312,-17384,-255,569,-3,idle,57
1740,1112,-17404,-203,586,-86,idle,57
1812,1316,-17432,-56,534,-79,idle,57
1740,1312,-17500,-878,583,-99,idle,57
1824,1260,-17444,-246,688,80,idle,57
1864,1288,-17384,-377,825,105,idle,57
1708,1088,-17340,-389,744,124,idle,57
1760,1236,-17556,119,548,102,idle,57
2088,1272,-17344,-288,481,13,idle,57
1976,1432,-17532,-250,862,213,idle,58
1916,1308,-18060,-319,669,32,idle,58
1652,1012,-17500,133,795,-38,idle,58
1848,1380,-17420,-427,626,742,idle,58
1748,1264,-17712,-21,612,-23,idle,58
1824,1196,-17196,-306,676,-198,idle,58
1696,1308,-17556,-135,547,42,idle,58
1960,1436,-17488,-312,697,190,idle,58
1736,1168,-17364,-319,792,28,idle,58
1708,1240,-17580,-194,495,-239,idle,58
1780,1380,-17312,-263,658,20,idle,58
1664,1236,-17348,-18,668,-150,idle,58
1728,1276,-17552,-462,677,82,idle,58
1756,1296,-17280,-349,641,44,idle,58
1896,1304,-17328,-330,689,169,idle,58
1680,1168,-17396,-64,688,10,idle,58
1856,1284,-17592,-156,634,-116,idle,58
1912,1180,-17424,-433,678,-12,idle,58
1692,1272,-17612,-177,722,-60,idle,58
1788,1168,-17288,-410,553,-173,idle,58
1768,1156,-17380,-361,671,103,idle,59
1724,1220,-17120,-406,783,-84,idle,59
1756,1324,-17544,-601,808,125,idle,59
1828,1228,-17596,13,559,77,idle,59
1828,1348,-17544,-479,729,54,idle,59
1764,1368,-17640,-352,662,-81,idle,59
1840,1320,-17316,-191,562,88,idle,59
1628,1292,-17672,196,456,-201,idle,59
1728,1428,-17264,-453,597,-62,idle,59
1624,1300,-17400,-201,760,57,idle,59
1696,1216,-17572,-493,508,-307,idle,59
1820,1436,-17412,-119,617,-143,idle,59
1784,1260,-17464,-374,603,-101,idle,59
1868,1220,-17404,39,635,-44,idle,59
1552,1520,-17508,-255,171,-227,idle,59
1828,1260,-17436,-309,765,35,idle,59
1680,1404,-17472,-214,662,-34,idle,59
1716,1368,-17428,-205,603,70,idle,59
1628,1228,-17588,-307,734,197,idle,59
1652,1184,-17536,-177,559,-31,idle,59
472,1360,-17328,-103,783,66,idle,60
648,1228,-17444,-185,620,138,idle,60
416,1400,-17356,97,381,-93,idle,60
696,1412,-17260,-273,802,59,idle,60
512,1408,-17308,-209,394,9,idle,60
508,1272,-17656,178,357,-328,idle,60
624,1224,-17416,181,476,-215,idle,60
252,1280,-17252,-225,501,230,idle,60
604,1292,-17344,79,385,-180,idle,60
156,1376,-17144,-180,400,17,idle,60
840,1340,-17564,-341,615,-19,idle,60
540,1240,-17564,-63,522,-163,idle,60
700,1344,-17152,-429,991,210,idle,60
744,1132,-17828,-406,512,-146,idle,60
488,1332,-17232,-302,674,-6,idle,60
648,1400,-17784,-126,650,12,idle,60
396,1160,-17424,122,365,-100,idle,60
612,1472,-17224,-525,850,6,idle,60
636,1184,-17252,-603,809,107,idle,60
504,1140,-17688,-190,643,88,idle,60
1152,1368,-17460,102,400,-49,idle,61
856,1220,-17480,-87,483,127,idle,61
828,1448,-17388,-316,476,109,idle,61
864,1512,-17392,-412,742,9,idle,61
772,1248,-17484,-239,790,239,idle,61
896,1492,-17024,-50,389,134,idle,61
956,1348,-17440,-231,567,48,idle,61
884,1376,-17496,43,471,180,idle,61
944,1436,-17380,-167,439,7,idle,61
748,1328,-17384,-97,408,-150,idle,61
704,1160,-17484,33,414,74,idle,61
876,1216,-17320,-157,690,-15,idle,61
720,1336,-17368,-303,786,-263,idle,61
760,1488,-17348,-105,326,-93,idle,61
772,1268,-17484,-76,521,-11,idle,61
796,1352,-17372,-307,786,153,idle,61
708,1388,-17544,205,261,179,idle,61
720,1188,-17228,-465,1037,165,idle,61
784,1396,-17548,-258,627,-151,idle,61
596,1116,-17432,-179,512,-267,idle,61
892,1260,-17800,-119,326,94,idle,62
908,1512,-17148,-111,398,91,idle,62
852,1160,-17608,-105,346,101,idle,62
752,1316,-17424,-416,676,-56,idle,62
640,1228,-17620,-556,597,44,idle,62
872,1344,-17604,-126,389,134,idle,62
920,1172,-17456,-7,570,218,idle,62
896,1380,-17240,-438,1045,-122,idle,62
1000,1616,-17192,-378,718,-149,idle,62
768,1388,-17348,-374,780,-6,idle,62
880,1496,-17392,-188,478,-46,idle,62
792,1296,-17352,-188,724,181,idle,62
856,1224,-17340,-377,699,-37,idle,62
788,1320,-17304,-585,750,229,idle,62
984,1208,-17432,-317,903,153,idle,62
788,1464,-17300,-242,393,-209,idle,62
712,1296,-17132,22,333,-61,idle,62
696,1104,-17456,-377,885,249,idle,62
928,1284,-17504,-273,860,197,idle,62
804,1312,-17284,-4,715,-25,idle,62
1192,1308,-17708,-384,583,85,idle,63
760,1192,-17232,-54,190,-262,idle,63
836,1012,-17480,90,148,159,idle,63
1068,1276,-17288,-197,780,104,idle,63
1080,1168,-17636,-24,556,-126,idle,63
944,1348,-17308,-364,933,-27,idle,63
968,1180,-17608,0,720,21,idle,63
1100,1320,-17472,-65,725,176,idle,63
968,1492,-17324,-576,697,-96,idle,63
796,1304,-17408,-104,457,267,idle,63
960,1440,-17452,-580,911,-227,idle,63
736,1132,-17396,-126,1081,104,idle,63
1220,1252,-17576,-13,32,-334,idle,63
732,1100,-17352,-495,860,160,idle,63
1196,1360,-17572,-2,479,-4,idle,63
604,1304,-17136,-51,435,-47,idle,63
928,1176,-17296,-603,737,77,idle,63
956,1428,-17308,-384,537,-3,idle,63
940,1220,-17488,-315,526,-161,idle,63
996,1348,-17176,-65,336,111,idle,63
1060,1356,-17176,-253,836,-45,idle,64
724,1420,-17540,-313,699,-233,idle,64
1272,1232,-17548,-25,818,223,idle,64
804,1288,-17396,-280,489,-208,idle,64
972,1280,-17368,-222,814,83,idle,64
944,1200,-17232,-244,986,325,idle,64
1316,1512,-17424,-130,291,110,idle,64
780,1220,-17344,-22,435,-163,idle,64
976,1100,-17484,-366,766,135,idle,64
1060,1376,-17384,-252,961,-153,idle,64
832,1432,-17456,-209,257,-209,idle,64
960,1180,-17552,-12,639,185,idle,64
788,1504,-17472,-88,702,-292,idle,64
948,1292,-17264,-308,770,232,idle,64
1184,1460,-17592,-213,420,28,idle,64
916,1424,-17336,-759,727,-164,idle,64
1020,1588,-17572,-14,578,-41,idle,64
1036,1496,-17264,216,207,-195,idle,64
992,1364,-17408,-149,921,90,idle,64
1028,1408,-17308,203,431,113,idle,64
1052,1256,-17624,-357,532,163,idle,65
1216,1524,-17352,-187,324,-124,idle,65
948,1348,-17580,-363,378,-14,idle,65
1112,1300,-17348,-257,581,151,idle,65
976,1148,-17400,-449,995,258,idle,65
1120,1636,-17428,-326,759,176,idle,65
1260,1372,-17416,-107,941,-220,idle,65
992,1420,-17160,-389,667,-264,idle,65
1168,1140,-17340,-422,813,161,idle,65
1080,1552,-17480,-409,712,19,idle,65
992,1304,-17408,-327,506,-79,idle,65
1132,1440,-17608,-495,765,43,idle,65
652,1524,-17156,-533,876,30,idle,65
1016,1240,-17432,-71,521,143,idle,65
1168,1380,-17364,-13,474,-50,idle,65
1068,1512,-17232,-231,493,-23,idle,65
1056,1436,-17288,-147,441,-220,idle,65
1140,1128,-17444,-142,1027,196,idle,65
876,1440,-17312,-356,718,-106,idle,65
1532,1536,-17392,165,257,14,idle,65
896,1556,-17100,-475,808,-53,idle,66
1076,1568,-17292,-394,766,81,idle,66
1000,1392,-17332,-290,642,-113,idle,66
912,1308,-17540,-245,578,-176,idle,66
816,1344,-17376,-92,708,-259,idle,66
1084,1380,-17200,-355,503,37,idle,66
900,1688,-17360,-304,621,-154,idle,66
1176,1228,-17396,83,344,585,idle,66
956,1312,-17536,-584,1011,-46,idle,66
1204,1476,-17304,50,648,342,idle,66
1132,1684,-17116,64,105,-165,idle,66
1188,1304,-17424,-92,40,-108,idle,66
1076,1508,-17292,-82,465,-189,idle,66
1028,1064,-17532,86,657,38,idle,66
1076,1272,-17304,-354,873,192,idle,66
984,1328,-17624,-183,599,-116,idle,66
980,1276,-17364,-256,705,-78,idle,66
836,1364,-17492,-334,905,68,idle,66
1224,1488,-17164,-53,324,241,idle,66
1084,1264,-17856,373,464,-298,idle,66
1212,1032,-17748,223,181,349,idle,67
1028,1448,-16996,-230,485,62,idle,67
1256,1424,-17560,-716,577,-152,idle,67
1000,1220,-17536,-126,477,36,idle,67
976,1380,-17140,-291,519,-133,idle,67
1160,1316,-17212,-699,685,-232,idle,67
908,1388,-17540,27,464,-124,idle,67
1024,1328,-17072,-132,888,66,idle,67
868,1192,-17328,-557,846,183,idle,67
1100,1564,-17316,130,604,143,idle,67
1216,1332,-17420,-44,164,-89,idle,67
980,1368,-17608,-284,562,-50,idle,67
928,1496,-17336,32,657,-161,idle,67
972,1404,-17272,-800,1643,439,idle,67
1180,1500,-17580,-132,313,-173,idle,67
1016,1420,-17388,33,906,274,idle,67
1280,1508,-17332,-304,579,48,idle,67
908,1272,-17460,-567,1093,-34,idle,67
892,1372,-17328,-282,886,429,idle,67
1360,1304,-17796,-73,707,118,idle,67
1488,1292,-17532,-253,845,-314,idle,68
928,1352,-17476,-372,376,-356,idle,68
1232,1392,-17292,-524,1167,-202,idle,68
964,1416,-17492,136,504,83,idle,68
1160,1396,-17312,34,348,80,idle,68
724,1016,-17408,-180,930,327,idle,68
1652,1324,-17644,-232,811,184,idle,68
984,1200,-17592,-385,641,-162,idle,68
1136,1080,-17484,-463,996,195,idle,68
1212,1240,-17376,-173,329,81,idle,68
1100,1332,-17560,-235,425,-232,idle,68
992,1304,-17400,-576,943,-22,idle,68
1336,1560,-17316,-16,397,-169,idle,68
800,1248,-17300,-621,1060,-180,idle,68
1272,1452,-17492,-574,632,98,idle,68
1296,1504,-17296,-355,900,-88,idle,68
1200,1520,-17328,-62,603,-209,idle,68
984,1096,-17324,-486,598,118,idle,68
1424,1384,-17656,-197,611,81,idle,68
1056,1380,-17328,-188,487,-124,idle,68
1300,1152,-17488,78,542,-3,idle,69
1420,1184,-17396,-117,262,-342,idle,69
908,1064,-17384,-639,833,87,idle,69
1320,1476,-17648,-413,821,-94,idle,69
1108,1544,-17512,-155,684,-312,idle,69
1344,1180,-17540,304,269,-23,idle,69
1152,1308,-17324,-236,696,-243,idle,69
1372,1320,-17288,-78,543,-149,idle,69
976,1308,-17488,-31,392,-436,idle,69
1132,1256,-17332,-361,814,7,idle,69
1208,1236,-17308,-361,880,135,idle,69
1064,1280,-17256,-92,327,296,idle,69
1356,1300,-17328,-408,1138,312,idle,69
1196,1316,-17404,-176,692,60,idle,69
1000,1276,-17152,-101,685,245,idle,69
1540,1252,-17596,-101,439,-46,idle,69
996,1232,-17396,-255,440,-252,idle,69
1164,1140,-17516,-45,576,95,idle,69
1224,1012,-17372,-385,879,-31,idle,69
1140,1284,-17368,-369,567,-128,idle,69
1036,1444,-17020,-573,1081,221,idle,70
1388,1584,-17464,-38,581,-106,idle,70
816,1348,-17212,-216,1035,-510,idle,70
1120,1344,-17152,-545,725,-37,idle,70
876,1316,-17508,-235,825,-3,idle,70
1244,1344,-17212,-260,432,416,idle,70
1156,1208,-17448,-461,835,389,idle,70
1476,1320,-17428,-227,787,250,idle,70
1236,1464,-17440,-635,868,62,idle,70
1472,1352,-17440,-365,548,-49,idle,70
1148,1188,-17312,-179,622,-53,idle,70
1396,1524,-17412,-143,711,167,idle,70
1048,1412,-17392,-12,317,-64,idle,70
1416,1288,-17460,-127,536,-86,idle,70
1132,1436,-17372,-768,1073,110,idle,70
1408,1536,-17608,-205,718,-110,idle,70
1244,1452,-17192,-249,655,-78,idle,70
1280,1600,-17552,51,481,-420,idle,70
1224,1168,-17292,-63,781,147,idle,70
1420,1504,-17508,-329,399,-132,idle,70
1016,1220,-17168,-333,733,-84,idle,71
1280,1412,-17488,-33,172,138,idle,71
1404,1516,-17264,-441,1138,571,idle,71
1692,1540,-17652,-200,496,116,idle,71
1492,1168,-17404,-321,631,-167,idle,71
1156,1376,-17296,-34,207,-216,idle,71
1368,1416,-17324,-414,697,-261,idle,71
1556,1436,-17272,32,370,41,idle,71
1280,1420,-17304,-440,781,-257,idle,71
1192,1412,-17264,-321,556,-142,idle,71
1236,1268,-17268,-763,742,301,idle,71
1472,1324,-17696,-7,191,-140,idle,71
772,1448,-17112,-310,653,-80,idle,71
1664,1408,-17748,-47,425,311,idle,71
844,1288,-17584,34,792,167,idle,71
1868,1644,-17300,183,74,303,idle,71
1120,1252,-17592,-457,519,-237,idle,71
1568,1448,-17512,-299,433,182,idle,71
1164,1332,-17592,-341,625,39,idle,71
1696,1588,-17296,-329,486,-46,idle,71
1292,1392,-17456,-495,745,-187,idle,72
1392,1468,-17428,-277,609,31,idle,72
1184,1500,-17376,-520,724,-54,idle,72
940,1396,-17320,-110,215,-5,idle,72
1580,1500,-17548,-285,967,4,idle,72
1340,1536,-17036,-1068,1114,-468,idle,72
1188,1240,-17504,121,804,-86,idle,72
1440,1464,-17540,-458,524,-151,idle,72
1264,1380,-17444,-280,399,-92,idle,72
1348,1588,-17400,-234,553,174,idle,72
1268,1440,-17316,-27,569,94,idle,72
1304,1468,-17380,-177,724,137,idle,72
1348,1568,-17344,-329,751,163,idle,72
1360,1304,-17376,-58,698,127,idle,72
1676,1400,-17548,-68,515,120,idle,72
1168,1396,-17436,-406,757,161,idle,72
1624,1372,-17420,157,503,98,idle,72
1264,1412,-17372,-465,755,-275,idle,72
1444,1612,-17328,-152,715,-146,idle,72
1472,1420,-17456,-102,717,-53,idle,72
3380,7024,-15556,-328,762,161,idle,73
3500,6968,-15524,-7,702,95,idle,73
3316,7020,-15516,-114,588,-135,idle,73
3384,7036,-15488,-318,1121,109,idle,73
3408,7100,-15664,-521,-457,-523,idle,73
3268,7152,-15364,-457,722,170,idle,73
3188,7040,-15412,-55,1358,197,idle,73
3336,6980,-15712,-351,568,18,idle,73
3328,7084,-15388,-269,652,-177,idle,73
3312,7052,-15564,-202,648,250,idle,73
3376,7176,-15584,-329,693,38,idle,73
3276,7068,-15572,-259,1013,-95,idle,73
3352,7064,-15604,-394,575,214,idle,73
3304,7160,-15556,-262,871,-213,idle,73
3288,7096,-15492,-356,772,-91,idle,73
3272,7044,-15572,-350,359,51,idle,73
2900,7128,-15456,-652,276,-203,idle,73
3180,7120,-15528,-247,966,4,idle,73
3212,7192,-15608,-408,812,-252,idle,73
3220,7252,-15344,-213,674,23,idle,73
2412,8644,-14500,-89,797,-95,idle,74
2292,8584,-15140,-180,751,-60,idle,74
2248,8532,-14904,-5,805,-8,idle,74
2360,8668,-14628,-150,474,71,idle,74
2368,8760,-14664,718,825,-67,idle,74
2184,8640,-14820,-195,561,9,idle,74
2236,8512,-14884,-170,787,-215,idle,74
2304,8564,-15072,-144,571,0,idle,74
2288,8600,-14904,150,193,-116,idle,74
2088,8484,-14920,-157,1020,-134,idle,74
2080,8564,-14696,-160,1030,136,idle,74
2276,8560,-15056,-385,685,-38,idle,74
2300,8664,-14640,-763,377,-390,idle,74
2132,8572,-15036,301,1304,385,idle,74
2352,8552,-14764,-258,698,129,idle,74
2076,8544,-14964,-62,218,92,idle,74
2028,8492,-14916,138,869,63,idle,74
2068,8500,-14952,-493,473,22,idle,74
2172,8484,-15196,-680,908,-295,idle,74
2100,8620,-14808,-326,198,37,idle,74
2184,8536,-14892,-393,377,-68,idle,75
2348,8416,-15084,-45,742,99,idle,75
2264,8320,-14904,-343,613,-164,idle,75
2344,8464,-14700,-631,383,-145,idle,75
2128,8352,-15060,-304,1025,218,idle,75
2416,8388,-14832,74,404,79,idle,75
2096,8344,-14880,34,752,90,idle,75
2232,8452,-14776,-258,815,73,idle,75
2244,8284,-14968,-255,774,5,idle,75
2200,8364,-14980,-226,450,-329,idle,75
2360,8260,-15076,-133,870,96,idle,75
2212,8412,-14876,-491,480,-40,idle,75
2380,8440,-14904,-88,681,-195,idle,75
2052,8372,-15076,-243,655,-79,idle,75
2456,8440,-14984,-109,608,31,idle,75
2088,8356,-15016,-598,609,41,idle,75
2312,8424,-15040,-275,431,-97,idle,75
2312,8248,-15156,-149,750,70,idle,75
2252,8356,-14932,-400,702,42,idle,75
2172,8484,-14880,-444,760,7,idle,75
2488,8444,-15160,-346,495,-293,idle,76
2476,8444,-14988,-242,879,180,idle,76
2332,8480,-14996,-143,576,-10,idle,76
2320,8408,-14800,-57,733,-20,idle,76
2284,8396,-15072,-469,490,-177,idle,76
2392,8536,-15192,-269,539,-260,idle,76
2272,8352,-15172,-216,778,143,idle,76
2312,8384,-15072,184,556,-41,idle,76
2200,8328,-15116,-193,651,218,idle,76
2336,8416,-15012,-340,703,-25,idle,76
2184,8380,-14828,-162,779,-8,idle,76
2316,8416,-14940,-10,732,83,idle,76
2220,8348,-14900,-57,455,70,idle,76
2404,8404,-14900,-257,571,-228,idle,76
2188,8348,-15160,-312,511,74,idle,76
2220,8456,-14952,-376,471,-348,idle,76
1948,8448,-14860,-80,380,163,idle,76
2348,8364,-14992,-4,629,98,idle,76
2276,8308,-14912,-320,554,-79,idle,76
2336,8356,-15164,-43,709,13,idle,76
2388,8556,-15184,-100,795,38,idle,77
2132,8516,-14796,-363,742,32,idle,77
2304,8460,-14832,-467,605,-43,idle,77
2116,8524,-14960,7,724,10,idle,77
2292,8456,-14952,-484,521,-146,idle,77
2120,8396,-14992,116,740,-13,idle,77
2184,8548,-15008,-531,665,-204,idle,77
2300,8432,-14976,87,468,23,idle,77
2316,8456,-14980,14,996,174,idle,77
2172,8400,-15068,-54,757,-31,idle,77
2388,8448,-15040,-360,810,245,idle,77
2216,8468,-14900,-260,650,-120,idle,77
2156,8524,-14816,230,941,368,idle,77
2368,8464,-14924,-121,533,-274,idle,77
2176,8420,-14836,-270,712,135,idle,77
2320,8468,-14952,-136,601,-6,idle,77
2200,8500,-15140,-307,535,-257,idle,77
2156,8476,-14708,-296,643,-85,idle,77
2124,8488,-14892,-122,649,-3,idle,77
2192,8512,-14916,-402,787,13,idle,77
2100,8936,-14664,-311,629,-76,idle,78
2052,8880,-14956,-190,779,11,idle,78
2164,8864,-15036,-350,728,-6,idle,78
1960,8828,-14848,-139,757,99,idle,78
2112,9000,-14684,-313,529,-109,idle,78
2184,8936,-14640,-418,575,-15,idle,78
2036,8988,-14664,-125,907,69,idle,78
2128,8864,-14412,-163,581,-37,idle,78
2240,8828,-14672,-452,887,16,idle,78
2140,8788,-14820,-50,660,23,idle,78
2272,8852,-14760,-85,688,-48,idle,78
2044,8808,-14648,-353,599,-61,idle,78
2092,8908,-14732,-269,596,-35,idle,78
2056,8808,-14696,-164,611,118,idle,78
2096,8868,-14592,-302,567,-137,idle,78
2148,8864,-14956,-501,388,-96,idle,78
2212,8756,-14652,-306,566,-9,idle,78
2000,8932,-14480,-558,511,-51,idle,78
2060,8924,-14668,-204,729,48,idle,78
2176,9032,-14588,-275,777,116,idle,78
2096,9020,-14372,-582,561,-82,idle,79
2068,8808,-14644,-181,546,-57,idle,79
2260,8908,-14936,-284,621,-18,idle,79
2128,8868,-14812,-297,889,93,idle,79
2128,8880,-14576,-390,566,-49,idle,79
1908,8972,-14712,-347,688,-82,idle,79
2108,8884,-14712,-128,590,-46,idle,79
2092,8924,-14644,-337,722,-56,idle,79
2008,8976,-14592,-336,612,-89,idle,79
2148,8952,-14660,-375,857,144,idle,79
2064,8968,-14584,-24,734,99,idle,79
2084,8928,-14732,-412,477,-14,idle,79
1996,8912,-14644,21,609,-59,idle,79
2148,8980,-14840,-344,640,-41,idle,79
1932,8844,-14776,-217,617,-34,idle,79
2072,9048,-14468,-268,651,-18,idle,79
2080,8932,-14580,42,573,42,idle,79
2108,8932,-14664,-511,691,39,idle,79
2164,8948,-14432,-368,474,-16,idle,79
2076,8952,-14556,-67,610,-121,idle,79
120,-464,-17604,-253,732,681,idle,80
160,-312,-17372,-483,364,2481,idle,80
-3956,-172,-20868,-1029,-4231,-656,idle,80
-5532,184,-17420,-1628,3395,-2479,idle,80
-2636,-156,-20928,-1669,16282,-1523,idle,80
-2756,224,-18284,-788,-2116,635,idle,80
-4632,1344,-21492,2435,-5530,589,idle,80
-4088,-308,-15788,9578,-4067,4030,idle,80
-8704,-2088,-14780,3050,3376,5128,idle,80
-10652,-1504,-10924,-7138,8676,-12512,idle,80
4216,-2364,-24104,-6677,3935,-9974,idle,80
-10180,-404,-14564,9566,-827,6850,idle,80
-10072,-1772,-11376,1442,-173,879,idle,80
-7132,-1804,-13332,-10448,3008,-6993,idle,80
944,-3768,-20736,4200,-6200,-386,idle,80
-4700,1000,-16308,-456,2403,9,idle,80
-7024,408,-17468,-3627,121,3335,idle,80
-5056,28,-17840,1482,-4334,-511,idle,80
-3660,196,-15728,1916,472,-724,idle,80
-4724,516,-16908,2206,767,-1664,idle,80
