-656,2380,-17656,-374,400,965,swipe_left,0
-1276,2444,-17408,-952,67,914,swipe_left,0
-724,2756,-17372,-504,-305,2304,swipe_left,0
488,3204,-17100,-348,-958,2936,swipe_left,0
2108,3548,-16688,-406,852,-3281,swipe_left,0
-832,3116,-15568,1415,2127,-9055,swipe_left,0
-3820,32,-17284,2642,1654,-4711,swipe_left,0
-1852,-380,-18592,46,86,235,swipe_left,0
-496,1796,-17524,-1315,-435,1246,swipe_left,0
-656,1552,-17356,-563,351,243,swipe_left,0
-1296,1532,-17008,-216,570,47,swipe_left,0
-1460,1272,-17712,-33,400,-98,swipe_left,0
-1108,1592,-17228,-617,664,104,swipe_left,0
-1392,1304,-17500,-84,610,-32,swipe_left,0
-1268,1784,-17276,-391,649,14,swipe_left,0
-1232,1664,-17424,-252,670,-84,swipe_left,0
-1408,1448,-17476,-273,625,-214,swipe_left,0
-1188,1556,-17388,-300,543,36,swipe_left,0
-1308,1760,-17328,-234,690,-82,swipe_left,0
-1392,1584,-17292,-345,667,-85,swipe_left,0
-1308,3404,-16904,-16,717,161,swipe_left,1
-1912,3320,-17088,-89,842,218,swipe_left,1
-1512,2912,-17192,237,747,970,swipe_left,1
-1096,3244,-17132,42,667,1485,swipe_left,1
-748,2980,-17340,-205,614,962,swipe_left,1
12,4100,-17404,-483,557,-648,swipe_left,1
1772,3740,-16400,-1602,459,-5251,swipe_left,1
-1100,3156,-16528,411,1509,-11025,swipe_left,1
-6060,1200,-16400,3699,4948,3807,swipe_left,1
-2372,992,-18604,-111,102,-10,swipe_left,1
-676,1220,-17328,-767,284,52,swipe_left,1
-1180,1156,-17312,-238,359,110,swipe_left,1
-1272,1340,-17352,-848,676,198,swipe_left,1
-904,1704,-17124,-793,629,147,swipe_left,1
-1296,1492,-17544,-202,74,-188,swipe_left,1
-1088,1952,-17592,-777,269,217,swipe_left,1
-1104,1740,-17184,-380,647,-142,swipe_left,1
-1212,1800,-17484,-357,790,-111,swipe_left,1
-1360,1872,-17436,-521,508,226,swipe_left,1
-1160,2468,-17372,-532,361,568,swipe_left,1
-448,3808,-17052,237,170,-425,swipe_left,2
-356,4124,-16884,4,699,145,swipe_left,2
-264,3992,-17164,-181,813,507,swipe_left,2
-72,4124,-17112,-207,630,326,swipe_left,2
-264,3720,-17184,-181,456,-78,swipe_left,2
-192,3980,-17172,-227,780,213,swipe_left,2
468,3948,-17208,-215,28,-63,swipe_left,2
3496,4032,-17368,-510,-724,-975,swipe_left,2
1156,4932,-16284,1114,411,-11703,swipe_left,2
-4476,1436,-16956,3480,1608,-12160,swipe_left,2
-3992,-1592,-19212,1240,580,-206,swipe_left,2
-1700,1232,-17324,-493,656,567,swipe_left,2
-1652,1732,-17468,-385,749,238,swipe_left,2
-1844,1612,-17172,-679,951,207,swipe_left,2
-1608,1564,-17156,-571,904,65,swipe_left,2
-1660,1852,-17448,-490,830,175,swipe_left,2
-1636,1568,-17380,-395,686,-63,swipe_left,2
-1296,1800,-17432,-408,933,15,swipe_left,2
-1564,1704,-17060,-268,930,80,swipe_left,2
-1184,1852,-17588,-189,652,46,swipe_left,2
-1312,2804,-17200,-26,615,414,swipe_left,3
-1644,2656,-17164,-383,1039,302,swipe_left,3
-1372,2460,-17176,-187,754,768,swipe_left,3
-1344,2720,-17168,44,861,644,swipe_left,3
-968,2412,-17256,146,-2302,447,swipe_left,3
-1568,2488,-17320,-261,602,453,swipe_left,3
40,3140,-17772,-730,554,-169,swipe_left,3
1352,2856,-16132,-2387,692,-6413,swipe_left,3
-5648,2192,-17908,350,2402,-9248,swipe_left,3
-5744,732,-17492,1685,2430,1614,swipe_left,3
-1444,1588,-18040,-116,-40,927,swipe_left,3
-1532,1616,-17160,-192,535,299,swipe_left,3
-1848,1620,-17436,-1147,1101,173,swipe_left,3
-1240,1968,-17176,-670,218,-131,swipe_left,3
-1356,2192,-17048,-842,346,451,swipe_left,3
-1572,2404,-17252,-518,671,612,swipe_left,3
-1504,2664,-17456,-911,329,898,swipe_left,3
-1008,2544,-16788,-495,212,595,swipe_left,3
-1444,2728,-17312,-427,733,62,swipe_left,3
-1684,2612,-17028,-350,735,131,swipe_left,3
-1920,4200,-16440,132,552,201,swipe_left,4
-1820,4128,-16944,-252,571,512,swipe_left,4
-1844,4304,-16924,-21,692,119,swipe_left,4
-1012,4336,-16812,-553,962,404,swipe_left,4
3004,4840,-14428,-1449,2240,-4055,swipe_left,4
-6236,2596,-17112,5375,-1707,-12552,swipe_left,4
-5988,-496,-17376,947,28,-1231,swipe_left,4
-3952,972,-16728,-470,2064,1263,swipe_left,4
-3308,1128,-16936,-881,1233,698,swipe_left,4
-3520,884,-16920,-430,432,-212,swipe_left,4
-3772,1048,-16936,-475,955,247,swipe_left,4
-3396,1412,-16876,-452,850,358,swipe_left,4
-3288,1732,-16896,-104,816,-1,swipe_left,4
-3528,1392,-17228,-392,736,54,swipe_left,4
-3364,1600,-17248,-563,745,76,swipe_left,4
-3196,1564,-16708,-425,784,-150,swipe_left,4
-3464,1620,-17120,-589,908,-9,swipe_left,4
-3280,1544,-17236,-314,382,41,swipe_left,4
-3408,1660,-17160,-768,664,-42,swipe_left,4
-3092,1792,-16716,-402,834,81,swipe_left,4
-2768,3204,-16752,-361,931,183,swipe_left,5
-2792,3248,-16816,-478,1004,264,swipe_left,5
-2692,3136,-16924,-316,963,470,swipe_left,5
-2420,3328,-17180,-142,613,366,swipe_left,5
-2880,3492,-17188,-747,621,497,swipe_left,5
-1556,3528,-16800,-778,1026,616,swipe_left,5
56,3900,-16292,-576,841,-3551,swipe_left,5
-2024,2088,-15644,2722,-1606,-9961,swipe_left,5
-6964,-212,-16916,5002,-1964,-9207,swipe_left,5
-5696,-2164,-17696,932,244,-1627,swipe_left,5
-4568,-916,-16712,-996,1229,738,swipe_left,5
-4136,-644,-16772,-791,1174,341,swipe_left,5
-4412,-608,-16656,-541,881,-20,swipe_left,5
-3932,-428,-16820,-710,1317,417,swipe_left,5
-3920,-300,-16944,-818,1090,48,swipe_left,5
-3888,-180,-16696,-1048,1263,421,swipe_left,5
-3560,424,-16744,-1355,1554,921,swipe_left,5
-3752,996,-16928,-983,496,478,swipe_left,5
-3668,704,-17656,-2213,2354,1484,swipe_left,5
-2860,1824,-17032,-2346,-1361,1083,swipe_left,5
-2784,4288,-16720,-659,61,1755,swipe_left,6
-3424,4464,-15968,461,930,881,swipe_left,6
-2364,4912,-16780,1361,963,1479,swipe_left,6
-2904,4072,-16856,3,341,386,swipe_left,6
-2584,4376,-16584,-211,597,573,swipe_left,6
-2736,4412,-16404,-476,1098,538,swipe_left,6
-2624,4780,-16388,-25,1974,742,swipe_left,6
-2388,4368,-16888,-241,1570,854,swipe_left,6
332,4624,-17496,145,-578,780,swipe_left,6
2592,5084,-14500,117,-340,-7022,swipe_left,6
-7596,2264,-16640,2047,-2021,-13399,swipe_left,6
-5664,108,-16980,-1673,1079,190,swipe_left,6
-3576,2292,-16436,-988,1780,577,swipe_left,6
-4212,2892,-16812,-698,1401,138,swipe_left,6
-3932,2668,-16072,-813,1418,-47,swipe_left,6
-3768,2544,-16892,-871,1298,-126,swipe_left,6
-3760,2836,-16604,-463,1382,295,swipe_left,6
-3368,3064,-16676,-640,1152,475,swipe_left,6
-3340,2960,-16744,-399,709,-59,swipe_left,6
-3356,3028,-16824,-231,602,140,swipe_left,6
-3680,3904,-16132,-1749,524,3612,swipe_left,7
-2376,3468,-16400,-528,753,3137,swipe_left,7
-2652,4084,-16736,1013,1392,2270,swipe_left,7
-1536,3800,-17068,-483,1748,3007,swipe_left,7
-1216,4240,-16728,-448,674,989,swipe_left,7
-1672,4264,-16936,-676,611,-95,swipe_left,7
-1572,4160,-16668,-472,740,-52,swipe_left,7
-1768,4252,-16668,-324,616,-54,swipe_left,7
-1668,4536,-16964,-218,736,-120,swipe_left,7
-820,4868,-16752,-460,446,-658,swipe_left,7
1836,4284,-16644,-409,-36,-4156,swipe_left,7
-3044,3296,-15568,2823,450,-14185,swipe_left,7
-6732,12,-17132,981,1559,-3350,swipe_left,7
-4152,1360,-17656,-2,1207,610,swipe_left,7
-3208,1776,-16680,-1293,1245,629,swipe_left,7
-3164,2136,-16952,-192,996,-129,swipe_left,7
-3376,1832,-16936,-886,930,16,swipe_left,7
-3208,2168,-16640,-487,1074,152,swipe_left,7
-3032,2320,-17084,-465,880,-46,swipe_left,7
-3212,1992,-17036,-297,608,-132,swipe_left,7
-2092,3588,-16944,-520,658,-93,swipe_left,8
-2180,3840,-16820,-327,751,318,swipe_left,8
-2176,3740,-16976,-149,656,3,swipe_left,8
-1868,3552,-17008,-302,770,115,swipe_left,8
-1988,3492,-17072,-200,438,332,swipe_left,8
-1920,3704,-16808,-251,606,219,swipe_left,8
-1976,3664,-16812,-296,663,129,swipe_left,8
-1848,4124,-17020,-211,754,121,swipe_left,8
1428,3432,-17624,-915,125,-1266,swipe_left,8
-2588,3600,-16252,1517,-1002,-10654,swipe_left,8
-6764,1788,-16596,1531,869,-6110,swipe_left,8
-4072,608,-18396,-656,1157,501,swipe_left,8
-2600,2136,-16576,-963,757,787,swipe_left,8
-2748,2080,-16948,-229,844,240,swipe_left,8
-2952,2452,-17192,-671,755,-118,swipe_left,8
-2840,2292,-16792,-465,796,125,swipe_left,8
-2824,2296,-17112,-507,884,404,swipe_left,8
-2580,2468,-16896,-295,851,179,swipe_left,8
-2620,2360,-17000,-94,506,103,swipe_left,8
-2732,2600,-16928,-311,712,82,swipe_left,8
-2936,3068,-16828,-371,239,134,swipe_left,9
-2836,3180,-16800,-311,607,554,swipe_left,9
-2892,2960,-16960,-131,756,9,swipe_left,9
-2872,3132,-16940,-249,797,17,swipe_left,9
-2656,3096,-16700,-271,590,114,swipe_left,9
-2880,3096,-16904,-119,809,-187,swipe_left,9
-2712,3168,-16848,-309,941,554,swipe_left,9
-1588,3052,-17484,-445,1691,8,swipe_left,9
-52,3376,-16328,-1807,1447,-3663,swipe_left,9
-1916,3048,-16248,716,-157,-8371,swipe_left,9
-5452,976,-16344,1235,-80,-5755,swipe_left,9
-4612,20,-17324,531,845,-1234,swipe_left,9
-3908,832,-17116,-1105,1058,411,swipe_left,9
-3668,1280,-16628,-856,1180,577,swipe_left,9
-3592,1520,-17048,-534,876,174,swipe_left,9
-3256,1204,-16816,-671,954,310,swipe_left,9
-3432,1904,-16888,-710,1182,175,swipe_left,9
-3136,1748,-17308,-196,747,286,swipe_left,9
-3324,1844,-16904,-552,890,283,swipe_left,9
-2976,1504,-16964,18,952,-81,swipe_left,9
-2388,2532,-17008,-332,513,-93,swipe_left,10
-2796,2436,-16968,-158,259,-133,swipe_left,10
-2692,2688,-17016,-149,568,-92,swipe_left,10
-2720,2572,-16968,-298,996,237,swipe_left,10
-2368,2540,-17100,-324,901,328,swipe_left,10
-2484,2324,-17152,-252,532,-14,swipe_left,10
-2376,2368,-17064,-259,589,191,swipe_left,10
-2328,2560,-17112,-507,582,-58,swipe_left,10
-1492,3000,-17340,-1446,763,-1811,swipe_left,10
-1060,2976,-16360,-853,797,-6376,swipe_left,10
-3856,1380,-16864,645,1421,-6940,swipe_left,10
-5240,424,-16984,1146,761,-3629,swipe_left,10
-3744,524,-17764,-445,1190,572,swipe_left,10
-2872,1424,-17008,-511,632,77,swipe_left,10
-2792,1240,-17152,-372,742,34,swipe_left,10
-3280,1260,-17000,-342,730,9,swipe_left,10
-2944,1312,-16992,-305,770,302,swipe_left,10
-2864,1300,-17284,-192,569,58,swipe_left,10
-2796,1244,-17112,139,526,144,swipe_left,10
-2992,1516,-17108,-49,607,304,swipe_left,10
288,5088,-16908,-390,1316,530,swipe_left,11
768,4964,-16736,-104,1480,20,swipe_left,11
664,4856,-16776,-413,1306,319,swipe_left,11
680,4596,-16780,-458,913,118,swipe_left,11
1024,4968,-16836,-457,497,174,swipe_left,11
852,4892,-16980,-442,772,74,swipe_left,11
1156,5128,-16828,-68,462,-821,swipe_left,11
1748,5188,-16284,722,-1166,-3336,swipe_left,11
-376,3916,-16664,3542,-4607,-8084,swipe_left,11
-4352,2600,-17384,4119,-4682,-9516,swipe_left,11
-6212,652,-15732,3726,-5037,-9016,swipe_left,11
-7088,-1832,-17112,2494,-625,-3014,swipe_left,11
-6032,-932,-16208,-1536,2350,972,swipe_left,11
-5588,-704,-16028,-724,1394,319,swipe_left,11
-4840,-320,-16348,-949,896,545,swipe_left,11
-5684,-416,-16076,-307,537,632,swipe_left,11
-5504,172,-16604,-1517,1561,778,swipe_left,11
-4840,392,-16324,-1735,-150,2395,swipe_left,11
-4868,1048,-16864,-2002,1295,1566,swipe_left,11
-5092,1852,-16696,-3357,1413,4026,swipe_left,11
-84,4596,-16932,-196,538,117,swipe_left,12
24,4768,-16772,-249,593,330,swipe_left,12
48,4600,-16936,18,425,120,swipe_left,12
-180,4524,-16604,-395,477,-13,swipe_left,12
-60,4880,-16928,-527,809,133,swipe_left,12
-352,4728,-17076,-251,553,150,swipe_left,12
216,5088,-16832,-145,466,138,swipe_left,12
52,4708,-16520,32,601,40,swipe_left,12
-204,4820,-16916,-457,904,351,swipe_left,12
136,4848,-16828,-408,125,391,swipe_left,12
1308,4904,-16328,-356,-990,-1627,swipe_left,12
-436,4044,-14464,4557,-5461,-10661,swipe_left,12
-5664,424,-15392,5214,-6869,-12725,swipe_left,12
-9184,-1200,-15836,1840,39,-4959,swipe_left,12
-6140,-1436,-16800,-1485,2246,1459,swipe_left,12
-5964,-624,-16044,-276,656,-145,swipe_left,12
-5780,-880,-16352,-874,1489,459,swipe_left,12
-5144,-532,-16192,-305,637,350,swipe_left,12
-5288,-564,-16520,-949,1249,479,swipe_left,12
-4896,-12,-16380,-716,1439,430,swipe_left,12
704,3616,-16940,-238,882,53,swipe_left,13
876,4196,-17100,-145,861,203,swipe_left,13
1056,3808,-16952,213,703,779,swipe_left,13
1156,3964,-17260,101,72,-51,swipe_left,13
988,3584,-17084,28,422,2,swipe_left,13
952,3984,-17272,-322,942,-50,swipe_left,13
772,3948,-16940,-405,771,340,swipe_left,13
716,3900,-17180,-568,363,130,swipe_left,13
1084,3888,-17616,-798,292,-222,swipe_left,13
1048,4032,-16932,-637,-573,-1895,swipe_left,13
1264,4076,-16088,2772,-6318,-8582,swipe_left,13
-6856,452,-16156,5654,-9433,-14658,swipe_left,13
-8060,-1992,-15504,1734,-931,-4278,swipe_left,13
-6604,-1416,-16600,-1417,1524,1524,swipe_left,13
-5964,-616,-16048,-1298,1159,239,swipe_left,13
-5892,216,-16252,-973,2084,-341,swipe_left,13
-5436,-188,-16316,-1450,2321,705,swipe_left,13
-4900,388,-16544,-873,1627,713,swipe_left,13
-4984,428,-16484,-451,946,841,swipe_left,13
-4964,520,-16520,-462,497,964,swipe_left,13
-2104,3276,-16816,-41,969,-231,swipe_left,14
-1492,3376,-16852,-99,766,53,swipe_left,14
-2060,2680,-17172,69,209,-241,swipe_left,14
-1464,3060,-16728,74,792,249,swipe_left,14
-1556,3332,-17228,136,783,64,swipe_left,14
-2184,2736,-17104,-143,846,-473,swipe_left,14
-1844,2848,-17328,-379,918,596,swipe_left,14
-1936,3148,-17520,-258,251,-29,swipe_left,14
-2096,2976,-17424,-684,760,-341,swipe_left,14
-112,3240,-16552,-188,-652,5,swipe_left,14
-344,2696,-16744,1912,-6050,-8445,swipe_left,14
-4756,672,-15720,3927,-5571,-8959,swipe_left,14
-6828,-916,-15196,175,1716,-8653,swipe_left,14
-7952,-2532,-16772,780,44,-254,swipe_left,14
-5388,-1028,-15320,-715,1071,891,swipe_left,14
-6392,-1504,-16220,-174,608,459,swipe_left,14
-6188,-1260,-16096,-842,889,479,swipe_left,14
-6312,-1072,-16080,-255,474,138,swipe_left,14
-5836,-820,-15932,-593,960,423,swipe_left,14
-5780,-920,-16336,-880,1415,647,swipe_left,14
-2152,5280,-16416,193,601,240,swipe_left,15
-2100,5276,-16316,-458,704,427,swipe_left,15
-2136,5320,-16396,-140,565,10,swipe_left,15
-2004,5528,-16304,-340,1030,239,swipe_left,15
-1968,5260,-16348,86,442,584,swipe_left,15
-1808,5324,-16944,-184,459,695,swipe_left,15
-184,5472,-15864,-428,-347,-239,swipe_left,15
1316,4964,-15804,3153,-3266,-8436,swipe_left,15
-6276,2300,-15892,2461,-2528,-14495,swipe_left,15
-7892,516,-16248,1399,834,-4583,swipe_left,15
-6580,396,-17024,-779,1319,47,swipe_left,15
-5376,1140,-16060,-876,894,446,swipe_left,15
-5060,1400,-16420,-260,731,285,swipe_left,15
-5780,1264,-16336,-310,796,-77,swipe_left,15
-5444,1436,-16472,-185,920,-97,swipe_left,15
-5100,1320,-16228,-320,992,94,swipe_left,15
-5328,1356,-16516,-405,1017,-124,swipe_left,15
-5084,1220,-16384,-392,519,64,swipe_left,15
-5208,1320,-16648,-473,768,196,swipe_left,15
-5148,1604,-16580,-731,626,550,swipe_left,15
-1720,4800,-16556,21,367,206,swipe_left,16
-2308,4704,-16660,-308,525,-240,swipe_left,16
-2224,4556,-16652,24,430,2,swipe_left,16
-2456,4528,-16516,-230,457,141,swipe_left,16
-2260,4512,-16812,-242,816,-69,swipe_left,16
-2260,4576,-16860,-135,638,-83,swipe_left,16
-1996,4512,-16620,-434,577,-91,swipe_left,16
-1788,4652,-16492,-487,85,-502,swipe_left,16
-1104,3984,-16284,668,-1233,-4782,swipe_left,16
-3284,3520,-16068,1388,-2671,-8730,swipe_left,16
-5036,1624,-15796,1549,-2714,-8323,swipe_left,16
-7196,-32,-15952,2581,-1663,-5263,swipe_left,16
-7516,-1304,-16572,1783,-324,-3007,swipe_left,16
-7304,-888,-16112,-399,1112,256,swipe_left,16
-6108,-524,-15676,-186,785,85,swipe_left,16
-6184,-888,-16072,156,889,-24,swipe_left,16
-6412,-912,-16116,-501,1177,481,swipe_left,16
-6036,-572,-16080,-780,1026,638,swipe_left,16
-5908,-496,-16400,-181,1051,141,swipe_left,16
-5812,-672,-16172,-471,669,230,swipe_left,16
-3920,3752,-16376,-418,603,-80,swipe_left,17
-2868,3716,-16572,-30,630,102,swipe_left,17
-3312,3496,-16520,-449,1202,69,swipe_left,17
-3184,3896,-16648,-279,1000,267,swipe_left,17
-2684,3872,-16508,-114,863,884,swipe_left,17
-2432,3472,-17504,-1056,3204,773,swipe_left,17
-1272,4128,-16748,-307,-2349,-1542,swipe_left,17
-1680,3328,-16432,1185,-4170,-7667,swipe_left,17
-5048,2704,-15532,390,-4133,-10861,swipe_left,17
-7164,424,-15100,871,-5106,-6223,swipe_left,17
-9656,-680,-14584,1306,-383,-3627,swipe_left,17
-7968,-964,-15588,-796,1477,441,swipe_left,17
-7792,-736,-15212,-565,1432,200,swipe_left,17
-7984,-216,-15268,-656,1049,204,swipe_left,17
-7460,-60,-15176,-381,1656,303,swipe_left,17
-7376,68,-15524,-481,1479,341,swipe_left,17
-7236,96,-15524,-594,1004,422,swipe_left,17
-6968,348,-15680,-716,1955,327,swipe_left,17
-6764,420,-15780,-586,1156,489,swipe_left,17
-6764,620,-15900,532,664,358,swipe_left,17
-3780,4184,-16452,-66,1016,-355,swipe_left,18
-3212,4436,-16452,-292,939,67,swipe_left,18
-3208,4400,-16412,-141,892,-248,swipe_left,18
-3240,4312,-16608,-88,577,303,swipe_left,18
-3168,4340,-16508,-9,957,-263,swipe_left,18
-2928,4256,-16404,-154,636,181,swipe_left,18
-3024,4172,-16672,-445,431,353,swipe_left,18
-3392,4056,-16768,113,114,-324,swipe_left,18
-1028,4584,-15748,-620,-1452,-2010,swipe_left,18
-4036,2620,-16088,1171,-4079,-10238,swipe_left,18
-6916,184,-14508,1278,-3229,-10383,swipe_left,18
-8040,-1164,-15308,2332,-582,-4341,swipe_left,18
-7560,-1872,-16596,16,-794,-1027,swipe_left,18
-7400,-2408,-15724,-315,307,-354,swipe_left,18
-6948,-1396,-15472,-951,585,436,swipe_left,18
-6860,-1160,-15452,-746,1195,707,swipe_left,18
-6972,-1204,-15864,-795,929,541,swipe_left,18
-6616,-872,-15648,-707,899,249,swipe_left,18
-6492,-636,-15884,-925,1057,561,swipe_left,18
-6984,-708,-15680,-583,824,424,swipe_left,18
-2588,3904,-16528,1218,-371,3217,swipe_left,19
-3132,4384,-16548,-908,1066,1231,swipe_left,19
-2808,4372,-16704,-55,1367,447,swipe_left,19
-2672,3984,-16432,-178,738,388,swipe_left,19
-2572,4324,-16748,-100,1128,1103,swipe_left,19
-2188,4240,-16860,-20,522,420,swipe_left,19
-2564,4224,-16576,-687,630,221,swipe_left,19
-1972,4252,-17132,-892,626,-985,swipe_left,19
-456,4420,-9728,2352,-2186,-4230,swipe_left,19
-4948,2676,-15660,1743,-2408,-12635,swipe_left,19
-6280,-720,-13604,3185,-1789,-11197,swipe_left,19
-8528,-2988,-16052,3069,512,-3855,swipe_left,19
-6476,-1680,-15396,-2656,4116,1924,swipe_left,19
-6064,-1696,-16248,-388,167,227,swipe_left,19
-6272,-1472,-15756,-1168,1420,0,swipe_left,19
-6144,-948,-16340,-1019,1590,513,swipe_left,19
-5872,-936,-16224,-918,1557,257,swipe_left,19
-5188,-636,-16696,-1069,1098,662,swipe_left,19
-5380,-472,-16156,-402,1402,206,swipe_left,19
-5444,-384,-16304,-519,587,219,swipe_left,19
-876,3456,-16820,106,614,358,swipe_left,20
-1104,3496,-16968,-317,628,32,swipe_left,20
-1356,3544,-17036,-246,370,-216,swipe_left,20
-1152,3316,-16928,-631,1321,-97,swipe_left,20
-1244,3844,-17140,-249,381,-269,swipe_left,20
-1132,3748,-17452,-93,-1086,-979,swipe_left,20
-1808,3444,-16640,-1151,-117,-4829,swipe_left,20
-2828,2936,-15880,1553,-2412,-9968,swipe_left,20
-5624,684,-15308,1566,-2763,-10277,swipe_left,20
-7172,-1664,-15628,3656,306,-4750,swipe_left,20
-8296,-3164,-18716,-166,-1592,-282,swipe_left,20
-4960,-1828,-15928,-425,143,-182,swipe_left,20
-5544,-1464,-16224,-1357,770,358,swipe_left,20
-5784,-1200,-16356,-421,774,100,swipe_left,20
-5576,-1220,-16304,-576,829,90,swipe_left,20
-5456,-1032,-16812,-281,901,273,swipe_left,20
-5008,-920,-16228,-701,488,549,swipe_left,20
-5656,-724,-16252,-605,742,259,swipe_left,20
-5168,-204,-16340,-1085,1723,836,swipe_left,20
-5236,-144,-16424,-1663,752,112,swipe_left,20
-1916,3816,-17332,-596,1155,2415,swipe_left,21
-2668,3856,-16716,-1239,-526,2172,swipe_left,21
-2016,4176,-16708,-305,96,983,swipe_left,21
-2284,4124,-16548,-1044,765,1047,swipe_left,21
-2188,4728,-16808,-843,912,-61,swipe_left,21
-2064,4216,-16900,38,611,618,swipe_left,21
-2312,4548,-16660,-55,502,251,swipe_left,21
-2372,4496,-16988,190,31,132,swipe_left,21
-2000,4704,-16732,-367,897,229,swipe_left,21
-492,4544,-17008,-32,-289,-919,swipe_left,21
-1328,4200,-16052,1177,-1355,-9284,swipe_left,21
-4496,1972,-14908,3264,-3257,-9410,swipe_left,21
-6992,-1304,-15784,6347,-2019,-8928,swipe_left,21
-8932,-4548,-18936,448,-1715,-526,swipe_left,21
-5324,-1668,-15312,-1301,919,425,swipe_left,21
-6136,-1624,-16280,-720,1021,23,swipe_left,21
-5888,-1396,-16016,-856,560,152,swipe_left,21
-6072,-1356,-16492,414,-575,-269,swipe_left,21
-5948,-1428,-15852,-499,689,173,swipe_left,21
-6108,-988,-16256,-565,732,184,swipe_left,21
-3820,3840,-16484,117,813,-188,swipe_left,22
-4212,3752,-16200,-30,471,64,swipe_left,22
-4032,3708,-16128,-680,1145,321,swipe_left,22
-4012,3816,-16692,-370,1487,365,swipe_left,22
-3904,3932,-16192,165,1068,280,swipe_left,22
-3212,4124,-16692,-304,1299,466,swipe_left,22
-3412,3660,-16560,-432,484,294,swipe_left,22
-2300,4304,-16988,-758,455,-721,swipe_left,22
-1896,4028,-16272,-85,-1613,-5716,swipe_left,22
-4548,3056,-15224,604,-3941,-8321,swipe_left,22
-6808,1184,-14248,1984,-929,-10678,swipe_left,22
-8824,-1600,-15268,3187,118,-5976,swipe_left,22
-8516,-2704,-16524,-457,247,212,swipe_left,22
-7228,-1496,-15464,-1946,682,1068,swipe_left,22
-7176,-1384,-15332,-1291,1386,686,swipe_left,22
-7448,-1028,-15708,-1269,1552,1208,swipe_left,22
-6392,632,-15812,-1623,98,2321,swipe_left,22
-7364,728,-15628,-1149,1005,1112,swipe_left,22
-7332,1072,-15516,-3403,1737,5036,swipe_left,22
-6104,2896,-15788,-2618,1640,6638,swipe_left,22
-3996,6880,-15296,-123,2063,132,swipe_left,23
-2988,6908,-15056,288,512,1295,swipe_left,23
-2864,6320,-16896,924,240,731,swipe_left,23
-2540,7080,-15764,-1204,1408,1668,swipe_left,23
-1924,7448,-14924,-100,1705,1287,swipe_left,23
-3252,6780,-16520,-199,-816,917,swipe_left,23
2128,8420,-16052,-221,-1955,2232,swipe_left,23
-2548,4960,-14240,-238,-2890,-20105,swipe_left,23
-6372,2096,-13696,767,-233,-17936,swipe_left,23
-10192,-908,-15880,1328,4627,-8137,swipe_left,23
-6832,-232,-16452,-604,1313,1206,swipe_left,23
-7060,1076,-15776,-1186,137,1158,swipe_left,23
-6428,1500,-15856,-680,681,31,swipe_left,23
-6940,1444,-15340,-1057,913,697,swipe_left,23
-6912,1568,-15852,-783,779,131,swipe_left,23
-6896,1948,-15376,-752,914,779,swipe_left,23
-6600,2132,-15872,-409,404,948,swipe_left,23
-6888,2272,-15744,-465,473,1067,swipe_left,23
-6864,2428,-15440,-336,794,1260,swipe_left,23
-6876,2756,-15284,-293,479,3139,swipe_left,23
-4752,4784,-15796,-97,1025,-188,swipe_left,24
-4420,4480,-15940,-431,651,463,swipe_left,24
-4628,4724,-15812,-169,891,134,swipe_left,24
-4656,4668,-15700,-381,1368,-287,swipe_left,24
-4644,5256,-16152,-11,1212,320,swipe_left,24
-4688,4944,-16144,-202,468,712,swipe_left,24
-1988,5324,-15688,-698,-310,-214,swipe_left,24
-3268,4632,-14744,379,-1982,-8856,swipe_left,24
-5544,2204,-14228,1577,-2537,-15387,swipe_left,24
-10960,-1496,-14992,1925,-1848,-13428,swipe_left,24
-9220,-2532,-14872,-657,1507,-680,swipe_left,24
-8596,-1888,-15576,-1225,1524,450,swipe_left,24
-7772,-1160,-15080,-1530,1318,1495,swipe_left,24
-7432,-604,-15284,-455,914,401,swipe_left,24
-7924,-592,-15192,-1087,1598,663,swipe_left,24
-7140,-56,-15456,-1625,1623,-74,swipe_left,24
-7672,-504,-15460,-35,494,605,swipe_left,24
-7788,0,-15456,-685,343,1470,swipe_left,24
-7164,380,-15156,-1061,856,2424,swipe_left,24
-7968,676,-15500,-510,561,2479,swipe_left,24
-4956,4416,-15980,-453,605,-474,swipe_left,25
-4372,4500,-15988,-101,427,498,swipe_left,25
-4892,4252,-16332,-337,838,2,swipe_left,25
-4660,4916,-15544,-559,1190,279,swipe_left,25
-4608,4408,-16092,-240,911,142,swipe_left,25
-4620,4364,-16460,-248,557,-92,swipe_left,25
-4668,5316,-16216,-1096,475,-1813,swipe_left,25
-3828,4880,-16068,-1755,-541,-1083,swipe_left,25
-4108,4224,-14980,149,-3386,-5515,swipe_left,25
-6264,2996,-14316,1436,-1582,-10294,swipe_left,25
-8028,-384,-14720,2561,-219,-13311,swipe_left,25
-9740,-2620,-14344,1214,954,-7043,swipe_left,25
-8156,-3580,-15636,-2,1037,-160,swipe_left,25
-8204,-3132,-15252,-874,783,1059,swipe_left,25
-6796,-2336,-13992,-827,497,2521,swipe_left,25
-7220,-1444,-15152,-719,738,1866,swipe_left,25
-7024,-1556,-15144,-1307,956,-669,swipe_left,25
-8520,-1840,-15496,-473,1172,-56,swipe_left,25
-7492,-1204,-15324,106,189,807,swipe_left,25
-7868,-1324,-15280,-722,1008,1374,swipe_left,25
-5196,4060,-16332,-56,657,341,swipe_left,26
-4536,3844,-16184,-530,1222,195,swipe_left,26
-4384,3952,-16256,97,523,950,swipe_left,26
-4216,3988,-16416,-469,899,382,swipe_left,26
-4412,4272,-15952,-515,1850,516,swipe_left,26
-3740,4164,-16336,-539,735,97,swipe_left,26
-4352,4016,-16444,-676,937,645,swipe_left,26
-3688,4708,-16016,-1230,1335,987,swipe_left,26
-3056,4924,-16720,-1263,-1034,-1392,swipe_left,26
-5696,4596,-15320,-2239,705,926,swipe_left,26
-3240,5952,-15420,-921,2328,2844,swipe_left,26
-1008,6748,-15092,-143,-1667,-2930,swipe_left,26
-2516,4232,-15364,869,-2474,-15922,swipe_left,26
-9240,864,-15296,-865,300,-13595,swipe_left,26
-9264,-104,-15032,-308,2098,-4435,swipe_left,26
-7416,-196,-16480,-821,38,1107,swipe_left,26
-7544,1072,-15564,-876,313,938,swipe_left,26
-6904,1384,-15208,-855,1355,671,swipe_left,26
-7136,1184,-15648,-300,594,218,swipe_left,26
-6960,1680,-15540,-527,970,167,swipe_left,26
-3276,4892,-16496,-824,1695,864,swipe_left,27
-2916,5360,-16304,36,486,551,swipe_left,27
-2284,4960,-16272,33,1061,278,swipe_left,27
-3292,5064,-16140,-840,688,114,swipe_left,27
-2664,4960,-16424,230,640,520,swipe_left,27
-2944,5244,-16280,-184,1015,1447,swipe_left,27
-1740,5744,-16188,210,695,-21,swipe_left,27
-1644,5364,-16668,-152,-321,-2099,swipe_left,27
-2252,5288,-15888,859,-345,-5604,swipe_left,27
-3960,4632,-16252,2122,-2963,-7872,swipe_left,27
-5472,1584,-16416,1099,-483,-9204,swipe_left,27
-6008,744,-15724,1371,269,-7444,swipe_left,27
-7024,-280,-16372,259,1322,-4057,swipe_left,27
-6536,-596,-16800,-786,1739,-348,swipe_left,27
-5060,300,-16360,-674,1250,304,swipe_left,27
-5512,-56,-16572,-863,866,459,swipe_left,27
-5332,684,-16376,-1083,1105,631,swipe_left,27
-5272,712,-16400,-490,825,-45,swipe_left,27
-5096,564,-16420,-672,663,664,swipe_left,27
-5256,1096,-16568,-715,591,895,swipe_left,27
-3512,4424,-16468,-198,2599,2324,swipe_left,28
-2076,5424,-16564,-717,754,3465,swipe_left,28
-1556,5668,-16484,-65,-61,55,swipe_left,28
-2344,5420,-16564,-336,536,62,swipe_left,28
-1916,5764,-16228,-414,745,644,swipe_left,28
-1688,6024,-16192,-113,654,5,swipe_left,28
-1692,5612,-16384,-196,369,167,swipe_left,28
-1748,5752,-16504,-80,-487,-750,swipe_left,28
-1388,5828,-16088,1107,-1422,-3213,swipe_left,28
-2344,4544,-15976,1277,-2227,-7307,swipe_left,28
-4948,2624,-15780,1602,-1723,-9032,swipe_left,28
-6936,1512,-15480,832,-500,-7359,swipe_left,28
-7976,-196,-15308,1267,-567,-5597,swipe_left,28
-7908,-1040,-15860,-371,216,-1044,swipe_left,28
-8020,-288,-15600,-735,427,-613,swipe_left,28
-8000,-220,-15584,-1307,989,-67,swipe_left,28
-7384,500,-15452,-1271,1753,152,swipe_left,28
-7200,104,-15624,-536,1165,-55,swipe_left,28
-6556,988,-15660,-1133,2343,368,swipe_left,28
-6620,752,-15644,-1201,1813,1898,swipe_left,28
-2032,4504,-16840,8,1224,-442,swipe_left,29
-1360,4488,-16304,43,373,-239,swipe_left,29
-2560,4532,-16836,-561,781,-35,swipe_left,29
-1880,4432,-16884,-374,763,169,swipe_left,29
-1556,4616,-16548,-549,523,-244,swipe_left,29
-1108,4096,-17028,-930,-642,-1873,swipe_left,29
-1552,4300,-16476,-1464,-1745,-6848,swipe_left,29
-5036,3888,-15292,-1034,-1437,-10000,swipe_left,29
-7196,2884,-15392,-248,-343,-7305,swipe_left,29
-7732,1752,-15852,298,78,-5127,swipe_left,29
-7220,1456,-16016,-9,1173,-1047,swipe_left,29
-6804,1776,-15872,-805,1371,-91,swipe_left,29
-6192,1708,-15932,-523,285,237,swipe_left,29
-6064,1624,-15712,-237,448,106,swipe_left,29
-6456,1816,-15852,-412,1162,175,swipe_left,29
-6180,1928,-16144,-380,803,48,swipe_left,29
-6216,1876,-15896,-396,811,84,swipe_left,29
-5788,1924,-15780,-222,946,177,swipe_left,29
-6360,2028,-15956,-277,687,-22,swipe_left,29
-5700,1860,-15952,-348,887,445,swipe_left,29
436,4388,-16832,-202,1022,-46,swipe_left,30
632,4524,-17024,-209,614,78,swipe_left,30
632,4484,-16924,-464,915,-306,swipe_left,30
824,4296,-16876,-243,805,-15,swipe_left,30
272,4412,-17076,-278,431,-154,swipe_left,30
1220,4488,-17004,-396,430,-571,swipe_left,30
1576,4440,-17212,-46,-254,-3135,swipe_left,30
-132,4628,-15836,1085,-4133,-6262,swipe_left,30
-2160,3400,-17148,2407,780,-8494,swipe_left,30
-4104,1012,-17900,1759,-1715,-8348,swipe_left,30
-5136,604,-17456,404,632,-1511,swipe_left,30
-3220,1320,-16832,-476,876,594,swipe_left,30
-2980,1284,-16936,-1068,1474,567,swipe_left,30
-2832,1648,-16852,-723,789,452,swipe_left,30
-2772,1772,-17008,-694,718,81,swipe_left,30
-3040,1672,-17256,-354,1148,186,swipe_left,30
-2720,1964,-17400,-707,1028,208,swipe_left,30
-2712,1892,-17056,-1042,902,511,swipe_left,30
-2828,2020,-17336,-997,1528,1508,swipe_left,30
-2304,2440,-16972,-1540,1124,2380,swipe_left,30
152,4892,-16832,-324,324,-41,swipe_left,31
156,4848,-16924,-234,664,-34,swipe_left,31
108,4836,-16776,-406,285,137,swipe_left,31
180,4768,-16724,-233,876,-146,swipe_left,31
188,4708,-16820,-376,598,35,swipe_left,31
284,5000,-16784,-194,1052,-32,swipe_left,31
1652,4740,-17076,-822,-67,-1449,swipe_left,31
516,4908,-16572,-966,-664,-5401,swipe_left,31
-892,4968,-15940,753,-1080,-6184,swipe_left,31
1356,-228,-20052,1269,-7094,-4333,swipe_left,31
-4140,2392,-17484,2492,534,-4229,swipe_left,31
-3448,1416,-17448,97,492,-1160,swipe_left,31
-2932,1708,-17472,-88,515,452,swipe_left,31
-2904,2236,-16812,-364,858,368,swipe_left,31
-2412,1916,-17136,-497,609,22,swipe_left,31
-2636,2160,-17260,-18,383,-29,swipe_left,31
-2556,2088,-17252,-477,846,117,swipe_left,31
-2244,2272,-16968,-333,72,272,swipe_left,31
-3048,2076,-16992,-291,780,47,swipe_left,31
-2676,2024,-17092,-457,223,134,swipe_left,31
-372,4784,-16956,-141,520,-19,swipe_left,32
-52,4596,-16944,-198,104,135,swipe_left,32
576,4516,-16984,-406,227,-275,swipe_left,32
1056,4460,-16804,-753,-39,-2355,swipe_left,32
-840,4892,-16040,-33,-39,-4846,swipe_left,32
-1724,4408,-16496,157,450,-5542,swipe_left,32
-2604,3692,-16580,747,-342,-4006,swipe_left,32
-4212,2608,-17032,1293,1128,-2904,swipe_left,32
-3544,2404,-17672,-170,757,-479,swipe_left,32
-2872,2928,-16808,-547,484,251,swipe_left,32
-2860,2820,-17132,-549,847,330,swipe_left,32
-2672,3108,-16724,-548,555,359,swipe_left,32
-2712,3172,-17088,-167,842,-233,swipe_left,32
-2896,3172,-16700,-633,744,62,swipe_left,32
-2748,2992,-17168,-635,295,540,swipe_left,32
-2920,3192,-16944,-720,609,877,swipe_left,32
-2860,3292,-17752,-796,782,1520,swipe_left,32
-2956,4456,-16336,-1827,1172,2711,swipe_left,32
-2256,4100,-16064,-1464,118,2666,swipe_left,32
-1908,4884,-16332,-252,274,2146,swipe_left,32
-712,4620,-16772,-270,610,-50,swipe_left,33
-844,4300,-16948,-214,291,120,swipe_left,33
-612,4676,-16736,-253,447,-101,swipe_left,33
-460,4516,-16832,-107,1034,110,swipe_left,33
-392,4556,-16800,-384,114,38,swipe_left,33
476,4424,-17180,-432,-88,-409,swipe_left,33
1732,3748,-17056,-1614,-1080,-3977,swipe_left,33
-992,1500,-13180,888,-5074,-11965,swipe_left,33
-5092,3976,-15716,1054,785,-7655,swipe_left,33
-4428,2120,-17400,1328,1294,-3906,swipe_left,33
-4616,1776,-17392,453,610,-1070,swipe_left,33
-2868,2508,-16852,-469,925,331,swipe_left,33
-2932,2348,-16920,-162,463,129,swipe_left,33
-2956,2484,-16652,-305,758,15,swipe_left,33
-3248,2592,-16824,-383,771,-13,swipe_left,33
-2740,2656,-17072,-366,340,202,swipe_left,33
-3008,2760,-16816,-407,739,64,swipe_left,33
-3056,2824,-16592,-310,1119,117,swipe_left,33
-2728,2808,-16876,-148,710,193,swipe_left,33
-3240,2620,-16820,-456,667,306,swipe_left,33
-336,4728,-16728,-269,742,-11,swipe_left,34
-260,4672,-16824,-185,408,246,swipe_left,34
-492,4724,-16884,-398,661,-40,swipe_left,34
-472,4636,-16852,-220,636,-149,swipe_left,34
892,4328,-17412,-460,511,-337,swipe_left,34
2844,4696,-17040,-1377,-293,-2752,swipe_left,34
-1196,5208,-14980,-840,-532,-7538,swipe_left,34
-3248,4684,-15528,1625,428,-8034,swipe_left,34
-4856,3256,-17004,1984,1344,-4577,swipe_left,34
-4236,1568,-17640,1088,653,-870,swipe_left,34
-2796,2388,-16796,-799,801,409,swipe_left,34
-2824,2860,-17092,-188,864,282,swipe_left,34
-2756,2640,-16876,-436,982,66,swipe_left,34
-3000,2968,-16928,-347,1124,-8,swipe_left,34
-2920,2816,-17008,-718,784,295,swipe_left,34
-2552,2740,-16828,-407,593,111,swipe_left,34
-2840,2808,-17116,-413,1090,137,swipe_left,34
-2884,2948,-17072,-466,579,324,swipe_left,34
-2224,2916,-16748,-670,1038,608,swipe_left,34
-2780,3332,-16904,-584,731,498,swipe_left,34
-476,4524,-16956,-209,515,335,swipe_left,35
-568,4672,-16648,-379,723,117,swipe_left,35
-284,4760,-16728,-375,651,100,swipe_left,35
-196,4728,-16936,-227,787,-14,swipe_left,35
-304,4764,-16752,-310,490,-165,swipe_left,35
156,4716,-17064,-401,-151,-451,swipe_left,35
472,5016,-16624,-912,60,-2574,swipe_left,35
-1840,5212,-18020,296,5,-7362,swipe_left,35
-2788,4540,-15736,1068,940,-8559,swipe_left,35
-4348,3464,-16372,1635,1178,-6905,swipe_left,35
32248,-18420,-18243,-3843,22017,-31232,swipe_left,35
-2232,3440,-16868,-475,771,-171,swipe_left,35
-1612,2932,-16996,-190,1000,-77,swipe_left,35
-2032,3464,-16800,-350,1185,-402,swipe_left,35
-1840,3432,-16824,-656,1758,-357,swipe_left,35
-1388,3788,-16776,-822,2090,115,swipe_left,35
-1164,3400,-17332,-580,1515,-928,swipe_left,35
-1208,3072,-17408,-890,1509,-1735,swipe_left,35
-1192,3552,-17380,-734,1030,-477,swipe_left,35
-1140,4300,-16932,-1916,552,1684,swipe_left,35
200,5340,-16632,-194,533,19,swipe_left,36
112,5360,-16912,-299,329,-710,swipe_left,36
-4,5012,-16644,-457,641,-31,swipe_left,36
504,5356,-16572,-9,505,51,swipe_left,36
684,5496,-17024,-235,189,-193,swipe_left,36
236,5552,-16236,-275,209,-1099,swipe_left,36
1284,5424,-16280,-284,703,-2106,swipe_left,36
1132,5356,-15184,595,655,-4698,swipe_left,36
436,3988,-16660,3418,806,-7434,swipe_left,36
-4176,1752,-17984,3267,143,-6955,swipe_left,36
-2024,1600,-17700,-981,1149,237,swipe_left,36
-1148,2032,-17168,-521,598,190,swipe_left,36
-1656,2092,-17420,-184,855,126,swipe_left,36
-1516,2136,-17312,-779,697,182,swipe_left,36
-1048,3096,-17052,-239,954,-20,swipe_left,36
-968,3192,-17228,-189,584,131,swipe_left,36
-1420,3232,-16944,-349,528,33,swipe_left,36
-820,3112,-17232,-242,443,148,swipe_left,36
-1392,3232,-17080,-205,1147,-41,swipe_left,36
-816,3164,-17244,-306,102,43,swipe_left,36
-256,4336,-17280,35,549,99,swipe_left,37
492,4096,-17616,-324,1311,-152,swipe_left,37
-652,4540,-16784,-29,187,153,swipe_left,37
292,4732,-17020,-303,993,288,swipe_left,37
312,4744,-16720,-869,204,-525,swipe_left,37
124,5020,-16720,-504,317,-157,swipe_left,37
-344,5004,-16620,-560,246,-171,swipe_left,37
24,4804,-16884,-219,150,20,swipe_left,37
2648,4796,-16672,-967,-243,-1436,swipe_left,37
1948,5388,-15156,-643,595,-6235,swipe_left,37
-3940,2652,-14844,3378,296,-5855,swipe_left,37
-3564,984,-18736,1603,554,-1902,swipe_left,37
-2748,1200,-17936,-1124,1365,303,swipe_left,37
-1756,1704,-17156,-733,736,494,swipe_left,37
-1880,1744,-17500,-688,911,99,swipe_left,37
-2168,2040,-17284,-700,738,501,swipe_left,37
-1184,1820,-16976,-384,986,54,swipe_left,37
-1572,2008,-17180,-249,394,196,swipe_left,37
-1404,2176,-17428,-559,843,271,swipe_left,37
-1520,1940,-17312,-541,633,82,swipe_left,37
-892,5012,-16856,-573,838,204,swipe_left,38
-572,5268,-16652,250,715,279,swipe_left,38
-560,4724,-16816,-682,1145,-43,swipe_left,38
-580,5500,-16472,-613,1081,-146,swipe_left,38
-276,5308,-16584,-226,477,-154,swipe_left,38
-772,5052,-16636,-671,727,-358,swipe_left,38
-376,5068,-16464,-574,575,114,swipe_left,38
-44,5312,-16952,-111,561,169,swipe_left,38
1132,5532,-16160,-514,450,-2880,swipe_left,38
44,5672,-15568,-393,1108,-7227,swipe_left,38
-5360,1480,-18928,1695,-47,-3498,swipe_left,38
-2444,2124,-17608,-1106,1201,347,swipe_left,38
-1896,3004,-16848,-1096,543,1048,swipe_left,38
-1768,3076,-17260,-392,629,436,swipe_left,38
-1608,3308,-17176,-284,788,529,swipe_left,38
-1788,3240,-17124,-821,834,22,swipe_left,38
-1704,3008,-17048,-201,550,424,swipe_left,38
-1844,3300,-16876,-428,859,185,swipe_left,38
-1756,3444,-17100,-482,501,191,swipe_left,38
-1464,3312,-16968,-714,540,280,swipe_left,38
644,4532,-16952,-223,281,-160,swipe_left,39
1400,4560,-16980,-347,-97,-148,swipe_left,39
572,4624,-16772,-661,897,-294,swipe_left,39
484,5364,-16680,-354,864,-201,swipe_left,39
436,5352,-16712,-668,574,-802,swipe_left,39
1808,4752,-16904,-856,38,-1572,swipe_left,39
868,5544,-16060,-693,-67,-4621,swipe_left,39
-572,5692,-15964,-39,288,-7013,swipe_left,39
-1092,4356,-15760,1649,920,-6946,swipe_left,39
-2860,2828,-17148,2646,636,-5567,swipe_left,39
-3136,1540,-18616,1491,873,-1589,swipe_left,39
-2440,1812,-17452,-13,824,-39,swipe_left,39
-1980,2464,-17228,-333,579,186,swipe_left,39
-1960,2476,-17364,-402,1153,213,swipe_left,39
-1504,2640,-17136,-372,1283,129,swipe_left,39
-1780,2260,-17208,-447,791,135,swipe_left,39
-1608,2456,-17488,-539,656,329,swipe_left,39
-1528,2664,-17000,-359,1110,-40,swipe_left,39
-1592,2628,-17304,-574,470,131,swipe_left,39
-1572,2796,-17132,-409,438,20,swipe_left,39
-36,4828,-16604,-380,739,-113,swipe_left,40
36,4876,-16884,-433,626,-117,swipe_left,40
-68,4844,-16940,-704,752,-797,swipe_left,40
-212,5172,-16396,-288,360,-486,swipe_left,40
668,5180,-16864,-370,190,-973,swipe_left,40
84,5272,-16408,-1194,170,-2941,swipe_left,40
-432,5584,-15692,-766,487,-5129,swipe_left,40
-1568,5464,-15536,722,305,-6206,swipe_left,40
-2360,4576,-16088,1709,1042,-3762,swipe_left,40
-3940,3792,-16952,3062,33,-3902,swipe_left,40
-3784,1300,-17252,1253,1517,-1796,swipe_left,40
-2824,1880,-17308,-1183,1074,486,swipe_left,40
-2060,2708,-16928,-591,1187,543,swipe_left,40
-2452,2796,-17004,-473,1108,154,swipe_left,40
-2052,3256,-17056,-422,904,436,swipe_left,40
-2444,2996,-17064,-564,1390,-38,swipe_left,40
-1748,2924,-16916,-352,1000,197,swipe_left,40
-2160,2708,-17320,-480,-106,-28,swipe_left,40
-1784,3064,-16964,-829,1016,518,swipe_left,40
-1920,3348,-17140,-614,553,315,swipe_left,40
-108,5724,-16720,-357,284,17,swipe_left,41
-56,5596,-16444,-328,1472,-98,swipe_left,41
-452,5532,-16976,-448,-58,-16,swipe_left,41
196,5632,-16676,-140,537,-201,swipe_left,41
-328,5848,-16120,-285,265,67,swipe_left,41
-228,6008,-16068,-262,388,53,swipe_left,41
-292,5336,-16480,-116,1175,276,swipe_left,41
-308,5740,-16532,-317,144,-323,swipe_left,41
-464,5620,-16664,-1016,305,-9,swipe_left,41
-352,5980,-16180,-1625,424,-281,swipe_left,41
308,5512,-16168,-337,333,600,swipe_left,41
1868,6656,-16064,-1724,695,36,swipe_left,41
648,6516,-15568,-727,2875,-6328,swipe_left,41
-1820,5792,-15508,978,3086,-7885,swipe_left,41
-4224,4976,-18240,2670,1618,-6105,swipe_left,41
-3668,3476,-17516,1330,240,-1398,swipe_left,41
-1844,3636,-17292,86,903,218,swipe_left,41
-1232,3728,-16928,-252,575,758,swipe_left,41
-1540,4552,-16964,-1074,937,306,swipe_left,41
-1240,4668,-16872,-461,601,-62,swipe_left,41
952,5012,-16596,-722,557,-294,swipe_left,42
892,4728,-17092,-533,321,-401,swipe_left,42
708,4680,-16272,-344,1163,66,swipe_left,42
868,4984,-16732,-405,940,271,swipe_left,42
832,5380,-16672,-24,1077,498,swipe_left,42
556,5160,-16932,-345,999,18,swipe_left,42
1100,4944,-16692,-350,109,-50,swipe_left,42
452,5008,-16776,-366,121,-417,swipe_left,42
1124,5320,-16716,-550,7,-786,swipe_left,42
1376,5148,-16796,-731,-632,-2633,swipe_left,42
-100,5264,-16004,-842,424,-4691,swipe_left,42
-824,5356,-15888,403,604,-6114,swipe_left,42
-3020,4128,-16236,1546,750,-6697,swipe_left,42
-3676,3672,-16488,2105,592,-5054,swipe_left,42
-3648,1184,-17796,1769,361,-1527,swipe_left,42
-3608,1892,-18488,-334,1112,-269,swipe_left,42
-2384,2192,-17028,-529,795,538,swipe_left,42
-2680,2332,-16972,-492,577,45,swipe_left,42
-2208,2256,-17220,-346,540,45,swipe_left,42
-2920,2624,-17040,-607,1094,-167,swipe_left,42
1188,4960,-16728,-501,222,50,swipe_left,43
804,4836,-16728,-407,492,97,swipe_left,43
984,4832,-16636,-422,844,331,swipe_left,43
1296,5340,-16344,-582,-415,1742,swipe_left,43
1804,5540,-16756,-687,1612,684,swipe_left,43
700,5592,-16960,-431,482,278,swipe_left,43
892,5488,-16456,-269,422,-67,swipe_left,43
1444,5128,-16984,-227,346,26,swipe_left,43
1988,5628,-16456,-572,503,-1366,swipe_left,43
1804,5748,-16252,-979,930,-3045,swipe_left,43
-280,5736,-16232,-420,1052,-4005,swipe_left,43
-284,5388,-16436,640,1602,-4411,swipe_left,43
-952,5092,-16976,153,1012,-2854,swipe_left,43
-704,4980,-16756,423,1124,-1717,swipe_left,43
-972,4536,-16912,-411,883,-876,swipe_left,43
-340,4480,-17048,-589,1255,-19,swipe_left,43
-92,5128,-16560,-285,644,258,swipe_left,43
-520,5312,-16804,-532,774,-157,swipe_left,43
92,5140,-16596,-120,1431,81,swipe_left,43
-584,4704,-16896,-249,697,-25,swipe_left,43
2236,5736,-16268,-303,968,-42,swipe_left,44
2572,5744,-16608,-226,1002,-607,swipe_left,44
1112,5232,-16336,-744,812,-821,swipe_left,44
2492,6212,-16224,33,1488,1305,swipe_left,44
2196,5196,-17040,-704,700,-889,swipe_left,44
2260,6444,-16304,-227,496,-44,swipe_left,44
2648,5668,-16532,-290,761,-70,swipe_left,44
2364,5716,-16400,-193,446,-223,swipe_left,44
3588,5524,-16428,-272,179,-3181,swipe_left,44
1588,6140,-15964,-368,397,-5332,swipe_left,44
380,5940,-16048,475,357,-4842,swipe_left,44
-336,5356,-16224,1137,999,-4205,swipe_left,44
-732,4060,-17280,974,995,-2485,swipe_left,44
-844,4472,-17052,-100,1215,-1056,swipe_left,44
-112,4568,-16804,-352,870,193,swipe_left,44
24,4776,-16776,103,475,211,swipe_left,44
-68,5012,-16968,-475,667,99,swipe_left,44
680,5012,-16740,-171,565,253,swipe_left,44
-248,4992,-16856,-478,882,-140,swipe_left,44
572,5260,-16468,-147,729,361,swipe_left,44
2724,5436,-16788,-351,854,-13,swipe_left,45
2188,5248,-16280,-360,798,104,swipe_left,45
1696,5320,-16676,29,1338,590,swipe_left,45
3016,5268,-16248,-850,1301,491,swipe_left,45
2548,5700,-16468,-384,482,64,swipe_left,45
2832,5628,-16580,-197,810,62,swipe_left,45
2456,5568,-16488,-591,642,-480,swipe_left,45
3396,5616,-16052,-535,461,-2055,swipe_left,45
2876,5964,-15840,-340,451,-4404,swipe_left,45
1660,5500,-16512,762,1268,-4752,swipe_left,45
-52,5360,-16608,708,1359,-4296,swipe_left,45
156,4976,-16728,645,1143,-2612,swipe_left,45
-80,4992,-17132,130,548,-793,swipe_left,45
852,5588,-16532,-340,1188,226,swipe_left,45
704,5224,-16664,-300,533,132,swipe_left,45
1128,5056,-16700,-313,837,223,swipe_left,45
520,5340,-16408,-138,626,175,swipe_left,45
1612,5508,-16940,-121,1013,650,swipe_left,45
1160,5180,-16536,-475,18,-15,swipe_left,45
1204,5032,-16728,-353,759,-40,swipe_left,45
3436,5708,-16620,-121,449,-125,swipe_left,46
3376,5756,-16324,-269,238,-125,swipe_left,46
2616,5352,-16328,-976,892,-627,swipe_left,46
2568,6036,-16252,113,441,390,swipe_left,46
3292,5884,-16220,-527,108,-335,swipe_left,46
3240,5780,-16236,-312,787,-52,swipe_left,46
3984,5512,-16240,-812,88,-1333,swipe_left,46
3152,5968,-16340,-461,175,-2615,swipe_left,46
1616,6688,-16416,-634,1201,-4039,swipe_left,46
1312,6900,-15788,-557,2288,-3969,swipe_left,46
716,6428,-16096,480,1654,-3708,swipe_left,46
-576,5556,-17044,1053,681,-2281,swipe_left,46
624,5568,-16704,-111,554,-500,swipe_left,46
624,5916,-16416,-60,849,-216,swipe_left,46
728,5832,-16460,-144,1105,291,swipe_left,46
1340,6152,-16320,-422,582,256,swipe_left,46
804,5664,-16604,83,539,17,swipe_left,46
1184,5788,-16484,-179,598,271,swipe_left,46
880,5992,-16180,-19,575,-4,swipe_left,46
940,5960,-16480,-280,774,-22,swipe_left,46
3016,5608,-16524,-110,983,34,swipe_left,47
2788,5760,-15916,-227,374,-96,swipe_left,47
2632,5744,-16700,-46,702,-174,swipe_left,47
2732,5612,-16092,-277,841,256,swipe_left,47
2884,5968,-16584,68,560,90,swipe_left,47
2688,5844,-16688,-312,464,89,swipe_left,47
2928,6040,-16152,-477,621,-316,swipe_left,47
3668,6132,-16132,-565,21,-563,swipe_left,47
2688,6232,-16292,-599,462,-2880,swipe_left,47
2864,6404,-15628,-300,218,-3370,swipe_left,47
1760,6668,-15896,220,970,-3766,swipe_left,47
-736,4744,-16732,8,-105,1304,swipe_left,47
136,4432,-17056,437,-35,-389,swipe_left,47
-732,4560,-16740,181,1021,-394,swipe_left,47
-868,4592,-16864,-390,930,6,swipe_left,47
-116,4656,-16668,-251,630,462,swipe_left,47
-128,4848,-17204,-44,332,-17,swipe_left,47
1864,4892,-16456,-1028,195,-1818,swipe_left,47
-464,4532,-16268,-119,1069,-5909,swipe_left,47
-1124,3348,-17324,813,1321,-6014,swipe_left,47
-3312,3276,-17152,96,2466,-3900,swipe_left,48
-2008,2876,-17416,-880,1112,514,swipe_left,48
-1212,3408,-17000,443,619,-128,swipe_left,48
-1004,3532,-17004,-83,435,-1,swipe_left,48
-1460,3620,-17108,-180,566,-11,swipe_left,48
-1452,3532,-16980,-277,631,-126,swipe_left,48
-1696,3616,-16932,-261,808,93,swipe_left,48
-1020,3024,-17360,118,373,-215,swipe_left,48
-1200,2936,-17220,-220,987,294,swipe_left,48
-1168,3484,-16992,-315,932,-29,swipe_left,48
-1524,3336,-16788,-479,743,-131,swipe_left,48
-604,4916,-16752,-386,94,-417,swipe_left,48
388,4968,-16500,-160,223,-35,swipe_left,48
-868,5232,-16788,-645,242,-806,swipe_left,48
120,5008,-16532,-87,1016,107,swipe_left,48
-124,5156,-16880,-369,377,-34,swipe_left,48
1312,5264,-16612,-473,332,-846,swipe_left,48
1292,5280,-16108,-492,857,-3706,swipe_left,48
-400,4612,-16000,1385,1068,-7650,swipe_left,48
-3372,2888,-17328,1536,408,-5857,swipe_left,48
-900,3624,-16300,-1761,1089,1426,swipe_left,49
-1868,3828,-17160,-344,531,31,swipe_left,49
-1156,3708,-17260,-92,668,-86,swipe_left,49
-1380,3752,-17036,-386,880,-112,swipe_left,49
-1744,3772,-16936,-138,837,55,swipe_left,49
-1712,3756,-16956,-283,793,-120,swipe_left,49
-1252,3824,-16944,45,930,258,swipe_left,49
-1480,3760,-17000,-314,821,43,swipe_left,49
-1232,3680,-16640,-282,1161,-15,swipe_left,49
-1228,3728,-17064,-124,872,151,swipe_left,49
-1208,3684,-16968,-157,663,-32,swipe_left,49
-1440,4660,-17176,123,-849,296,swipe_left,49
-1052,4832,-16428,-244,465,197,swipe_left,49
-1112,4940,-16756,-454,1038,-127,swipe_left,49
-1256,4820,-16728,-325,518,-311,swipe_left,49
-1600,4696,-16912,-257,605,-126,swipe_left,49
-368,4856,-16780,-154,688,351,swipe_left,49
-40,4720,-16708,-542,544,-1484,swipe_left,49
-88,5060,-15968,704,-364,-5439,swipe_left,49
-2072,3964,-15980,1928,-291,-6302,swipe_left,49
-3868,2136,-16784,3200,-1463,-6890,swipe_left,50
-4804,-16,-17564,2175,-1392,-4597,swipe_left,50
-5072,260,-17116,-574,245,626,swipe_left,50
-3556,544,-16804,-259,331,170,swipe_left,50
-3964,340,-17000,55,430,-83,swipe_left,50
-4256,492,-16712,-369,959,51,swipe_left,50
-3904,640,-16952,-453,818,161,swipe_left,50
-3996,704,-16860,-477,1137,-38,swipe_left,50
-3532,828,-16984,-418,1252,377,swipe_left,50
-3848,956,-16704,-434,903,-126,swipe_left,50
-4200,1204,-16964,-880,1317,476,swipe_left,50
1004,5728,-16612,21,1169,50,swipe_left,50
956,5324,-16560,-424,834,193,swipe_left,50
888,5668,-16696,-129,437,3,swipe_left,50
1296,5560,-16768,-350,188,313,swipe_left,50
2032,5696,-16504,-464,844,-594,swipe_left,50
2320,6596,-16472,-544,973,-3223,swipe_left,50
748,6328,-16120,459,802,-5165,swipe_left,50
-176,4828,-16340,1770,645,-6723,swipe_left,50
-2000,3412,-16080,35,860,-6220,swipe_left,50
-420,1832,-15676,1338,-1583,-3978,swipe_left,51
-3072,2988,-17620,-51,1690,-678,swipe_left,51
-952,2972,-17128,-509,417,1085,swipe_left,51
-1668,3832,-17160,-322,558,301,swipe_left,51
-1188,3432,-16932,-414,1083,348,swipe_left,51
-1104,3696,-17260,3,876,-178,swipe_left,51
-1580,3852,-17124,-620,438,72,swipe_left,51
-1232,3984,-16892,-228,1548,98,swipe_left,51
-1332,4064,-17092,-317,86,1405,swipe_left,51
-456,3804,-16924,-214,-59,34,swipe_left,51
-1056,4028,-17008,-225,484,-62,swipe_left,51
1868,5424,-16444,-23,524,-27,swipe_left,51
1368,5728,-16408,-261,520,-190,swipe_left,51
1868,5632,-16400,-67,376,222,swipe_left,51
1356,5564,-16584,-294,867,-37,swipe_left,51
2336,5800,-16392,-266,468,-197,swipe_left,51
2668,6436,-16812,-761,191,-2875,swipe_left,51
1608,6092,-16416,-498,-423,-6273,swipe_left,51
304,4980,-15768,402,59,-7968,swipe_left,51
-3400,3348,-16844,823,-713,-8957,swipe_left,51
-5556,2580,-15964,1991,2467,-2662,swipe_left,52
-1032,2484,-17512,-466,1063,117,swipe_left,52
-2800,3040,-17000,-902,1557,7,swipe_left,52
-1176,3932,-16604,-104,711,-112,swipe_left,52
-2184,4072,-16920,-290,1226,-129,swipe_left,52
-1980,3844,-16716,-283,270,-14,swipe_left,52
-2396,4244,-16540,-118,695,13,swipe_left,52
-1388,4024,-16484,260,731,555,swipe_left,52
-1044,5020,-16904,-454,1428,523,swipe_left,52
-1648,4104,-16508,-834,693,216,swipe_left,52
-2272,3432,-16968,-686,815,173,swipe_left,52
1008,4052,-17072,-719,-362,33,swipe_left,52
160,4396,-16916,-211,568,-84,swipe_left,52
1008,4688,-16644,-207,720,-17,swipe_left,52
720,4596,-16728,-575,620,242,swipe_left,52
676,4748,-16948,-165,61,205,swipe_left,52
1500,4664,-17180,-267,354,-189,swipe_left,52
1260,5200,-16884,-1093,-132,-2274,swipe_left,52
900,5496,-17296,-787,24,-3933,swipe_left,52
-180,5352,-16160,-1253,226,-5335,swipe_left,52
-1488,4728,-15724,-141,844,-5734,swipe_left,53
-3364,3712,-16096,1366,1100,-3442,swipe_left,53
-2440,3260,-17508,1160,1005,-145,swipe_left,53
-2220,3708,-16912,-718,19,259,swipe_left,53
-1980,3988,-16864,-446,1664,-48,swipe_left,53
-2104,3924,-16864,-682,1278,43,swipe_left,53
-1776,3752,-17028,-398,825,-94,swipe_left,53
-1524,4000,-16800,-350,525,6,swipe_left,53
-1984,3956,-16836,-548,543,-195,swipe_left,53
-1832,3924,-16716,-138,953,-231,swipe_left,53
-1996,3824,-16792,-144,960,52,swipe_left,53
276,4708,-16632,-145,840,52,swipe_left,53
600,4716,-17064,-487,572,135,swipe_left,53
524,4644,-16656,-260,263,-86,swipe_left,53
456,4616,-16860,-346,645,162,swipe_left,53
432,4588,-16772,-426,674,-51,swipe_left,53
1408,4880,-17116,-265,-76,-521,swipe_left,53
932,5224,-16956,-872,-332,-2507,swipe_left,53
668,4740,-16528,-774,-369,-4237,swipe_left,53
-924,4664,-16440,-617,478,-5510,swipe_left,53
-1940,4272,-16392,866,140,-5256,swipe_left,54
-2724,4044,-16452,1363,532,-4290,swipe_left,54
-3440,2844,-17552,411,-6,-178,swipe_left,54
-2488,3552,-16524,-721,1360,-343,swipe_left,54
-1952,3132,-17128,-6,465,-120,swipe_left,54
-2644,3848,-16520,-411,936,139,swipe_left,54
-2348,3664,-16764,-229,570,101,swipe_left,54
-2136,3528,-16744,-645,1103,73,swipe_left,54
-1928,3404,-16904,-758,1209,304,swipe_left,54
-1932,3908,-17256,-219,1096,-35,swipe_left,54
-1788,3688,-16772,-605,819,163,swipe_left,54
988,4304,-16840,-272,154,65,swipe_left,54
620,4548,-17132,-345,631,-34,swipe_left,54
1052,4368,-16640,-292,304,13,swipe_left,54
544,4692,-16888,-165,793,80,swipe_left,54
1456,4732,-16840,-465,382,-109,swipe_left,54
1648,5020,-16984,-744,-257,-1,swipe_left,54
1560,5056,-16584,-503,-465,-5293,swipe_left,54
-664,4976,-16260,-469,499,-6332,swipe_left,54
-1756,4396,-16644,588,805,-5435,swipe_left,54
-3336,3004,-16524,587,1298,-2848,swipe_left,55
-2096,3372,-17852,-506,357,575,swipe_left,55
-1248,4188,-16648,-166,1039,-202,swipe_left,55
-1352,4132,-17164,-643,630,20,swipe_left,55
-1192,4124,-16884,-433,1217,30,swipe_left,55
-1424,3972,-16972,-136,674,-246,swipe_left,55
-1720,3700,-16968,-310,650,-250,swipe_left,55
-1400,3752,-16908,-408,606,1,swipe_left,55
-1164,3888,-16856,-336,719,-177,swipe_left,55
-1768,3732,-16884,-307,473,82,swipe_left,55
-1780,3500,-17060,-341,717,57,swipe_left,55
604,4612,-16928,-149,525,91,swipe_left,55
708,4592,-16948,-127,531,200,swipe_left,55
760,4796,-16900,-317,877,114,swipe_left,55
460,4684,-16768,-363,599,104,swipe_left,55
456,4556,-16888,-190,266,-82,swipe_left,55
1328,4736,-16828,-536,334,-639,swipe_left,55
800,4940,-16940,-414,228,-3033,swipe_left,55
-680,4812,-16720,-80,519,-5368,swipe_left,55
-1392,3940,-16544,157,966,-5143,swipe_left,55
-2896,3468,-16532,330,1084,-3603,swipe_left,56
-2304,1828,-17916,944,1119,-179,swipe_left,56
-656,3756,-17412,-896,1290,457,swipe_left,56
-1548,3592,-17156,-244,474,-290,swipe_left,56
-1040,3420,-16968,-420,709,-210,swipe_left,56
-1416,3544,-17212,-408,1190,-182,swipe_left,56
-1608,3308,-16720,-318,575,160,swipe_left,56
-844,3908,-16988,-210,804,141,swipe_left,56
-1416,3480,-16984,175,471,-73,swipe_left,56
-1300,3344,-16920,-42,459,-73,swipe_left,56
-1224,3488,-17380,-335,605,142,swipe_left,56
864,4936,-16864,-206,313,-5,swipe_left,56
820,4752,-16708,-577,714,-67,swipe_left,56
428,4780,-16836,-297,719,156,swipe_left,56
980,4876,-16932,102,477,54,swipe_left,56
1248,4892,-16620,-352,214,-496,swipe_left,56
1744,5004,-17000,-550,89,-2541,swipe_left,56
-528,5020,-16652,-399,926,-4698,swipe_left,56
-664,4960,-16360,73,692,-5056,swipe_left,56
-2368,4432,-16364,673,1102,-4767,swipe_left,56
-2000,2868,-16968,1975,-18,-2639,swipe_left,57
-2640,3188,-17436,549,900,-902,swipe_left,57
-1388,3456,-17412,-461,861,366,swipe_left,57
-1420,3224,-16704,-329,814,-55,swipe_left,57
-1456,3404,-17332,-189,999,-366,swipe_left,57
-1416,3740,-16852,-411,893,146,swipe_left,57
-1544,3500,-16892,-445,917,-74,swipe_left,57
-1400,3756,-17036,-41,749,-48,swipe_left,57
-1512,3456,-16932,-368,896,0,swipe_left,57
-1276,3760,-17004,146,530,124,swipe_left,57
-1452,3660,-17144,-406,825,26,swipe_left,57
308,4916,-16756,-279,537,48,swipe_left,57
372,4904,-16740,-295,435,-50,swipe_left,57
548,5020,-16648,-424,810,201,swipe_left,57
668,5128,-16732,-468,379,-426,swipe_left,57
240,5296,-16432,-379,383,-1367,swipe_left,57
-148,5252,-16764,-103,222,-2064,swipe_left,57
-328,5228,-16700,-389,452,-2393,swipe_left,57
-1372,4928,-16668,318,227,-3077,swipe_left,57
-1344,4956,-16856,39,283,-2881,swipe_left,57
-2032,4284,-16596,179,922,-3115,swipe_left,58
-1376,3936,-16484,245,1212,-2351,swipe_left,58
-2940,3040,-17132,1360,550,-3377,swipe_left,58
-3008,3108,-17428,315,865,-854,swipe_left,58
-2184,3260,-17032,57,553,220,swipe_left,58
-1936,3500,-16928,-274,630,142,swipe_left,58
-1884,2812,-17228,-495,916,-11,swipe_left,58
-1624,3168,-17016,-242,508,95,swipe_left,58
-1520,3216,-17088,-654,855,154,swipe_left,58
-1948,3504,-16988,28,668,61,swipe_left,58
-1528,3124,-17172,-277,444,44,swipe_left,58
-952,4780,-16976,55,304,-234,swipe_left,58
-432,4724,-16708,-145,232,-61,swipe_left,58
-768,4752,-16736,-198,297,26,swipe_left,58
-556,4628,-16972,-394,-92,-234,swipe_left,58
112,4664,-16776,-320,868,-482,swipe_left,58
-640,5008,-16476,7,382,-2912,swipe_left,58
-1436,4808,-16540,-284,1810,-3278,swipe_left,58
-1612,3920,-15844,361,1296,-3458,swipe_left,58
-1832,2920,-15976,1327,1500,-4294,swipe_left,58
-3116,2096,-17936,896,594,-2262,swipe_left,59
-2032,2908,-16896,-250,1499,399,swipe_left,59
-1904,2928,-17344,-225,1236,-191,swipe_left,59
-1244,2856,-17156,-932,1012,127,swipe_left,59
-1228,3028,-16964,65,1293,325,swipe_left,59
-1404,3140,-17004,-651,1103,250,swipe_left,59
-1320,3128,-16736,-250,2021,141,swipe_left,59
-556,3040,-17288,-672,1091,364,swipe_left,59
-896,2896,-17120,-522,1535,254,swipe_left,59
-772,3232,-16936,-220,933,113,swipe_left,59
-604,3288,-16988,-684,1047,297,swipe_left,59
600,4812,-16528,-670,-108,5916,swipe_left,59
1028,5668,-16080,-1304,470,4253,swipe_left,59
2448,5968,-16184,-543,325,2325,swipe_left,59
1836,5812,-16532,91,983,-172,swipe_left,59
852,5472,-16640,-354,106,-230,swipe_left,59
2712,5732,-16632,-630,-107,-1205,swipe_left,59
3496,5420,-16448,-867,550,-6597,swipe_left,59
-2368,5528,-15840,940,1075,-10223,swipe_left,59
-3128,4232,-16356,1701,2672,-6242,swipe_left,59
-3632,2416,-17816,1449,421,-1241,swipe_left,60
-1180,3676,-16948,-707,850,444,swipe_left,60
-1360,3720,-17260,-66,114,262,swipe_left,60
-1484,3692,-16976,-484,970,33,swipe_left,60
-1580,3624,-16896,-272,558,-20,swipe_left,60
-1656,3768,-16816,-412,1068,35,swipe_left,60
-936,3772,-17048,89,485,73,swipe_left,60
-1676,3584,-16908,-288,1154,-146,swipe_left,60
-1740,3776,-16708,-265,667,-69,swipe_left,60
-1168,3988,-16864,-166,1227,-84,swipe_left,60
-1656,3644,-16912,-216,254,-60,swipe_left,60
1784,5552,-16504,-393,380,-192,swipe_left,60
2240,5476,-16548,-785,153,-1399,swipe_left,60
2156,5956,-16324,-857,-338,-3416,swipe_left,60
-1388,4688,-15656,2083,1429,-6669,swipe_left,60
-3456,1932,-17552,2992,-6,-5059,swipe_left,60
-2836,1944,-17428,103,2158,-205,swipe_left,60
-1560,2872,-16760,-245,796,-140,swipe_left,60
-504,2112,-17560,1247,917,482,swipe_left,60
-1204,2248,-17560,-882,1234,325,swipe_left,60
-528,2248,-17352,-434,224,204,swipe_left,61
-812,2248,-17540,-373,767,86,swipe_left,61
-960,2800,-17096,-246,928,171,swipe_left,61
-976,2568,-17148,-214,528,18,swipe_left,61
-1216,2328,-17184,-149,663,50,swipe_left,61
-960,2300,-17360,-301,613,-27,swipe_left,61
-764,2284,-17300,-116,541,-83,swipe_left,61
-1064,2348,-17228,-342,1027,120,swipe_left,61
-876,2372,-17472,-272,822,112,swipe_left,61
-1024,2380,-17420,-476,534,89,swipe_left,61
-568,2540,-17096,-634,1023,232,swipe_left,61
-2468,3072,-16896,-1371,618,-800,swipe_left,61
-3048,3420,-16752,-46,610,-748,swipe_left,61
-2508,3380,-16948,21,710,-451,swipe_left,61
-1616,3188,-16964,-294,871,0,swipe_left,61
-1180,3268,-15596,-234,-1201,-4197,swipe_left,61
-8556,-852,-15112,3231,1604,-4699,swipe_left,61
-6656,-2848,-16500,-1094,1295,498,swipe_left,61
-5988,-1608,-16028,-476,583,345,swipe_left,61
-5752,-1812,-16636,-330,1501,586,swipe_left,61
-5024,-1344,-16328,-1431,1923,1094,swipe_left,62
-5508,-1088,-16080,-1785,1529,951,swipe_left,62
-4744,-204,-16436,-655,1135,989,swipe_left,62
-4868,-416,-16508,-224,502,251,swipe_left,62
-5192,-152,-16280,3,438,-40,swipe_left,62
-5172,-384,-16368,-537,819,70,swipe_left,62
-4644,80,-16528,-354,902,-69,swipe_left,62
-4960,-188,-16768,-300,988,129,swipe_left,62
-4828,-224,-16596,-530,821,70,swipe_left,62
-5004,-44,-16652,-385,864,-48,swipe_left,62
-4924,-48,-16704,-308,585,256,swipe_left,62
-8,3516,-17088,-307,736,-222,swipe_left,62
-368,3736,-17196,-138,288,-160,swipe_left,62
-100,3636,-16912,-207,64,-42,swipe_left,62
-264,3716,-16968,220,-414,-1123,swipe_left,62
-3920,2412,-15772,992,-1661,-7306,swipe_left,62
-5888,1076,-15976,2053,-1802,-7479,swipe_left,62
-6612,-1628,-17448,2787,-1097,-5075,swipe_left,62
-6216,-1524,-16376,-464,1563,-671,swipe_left,62
-5384,-832,-16612,-401,1292,296,swipe_left,62
-5164,-1152,-16636,-253,937,563,swipe_left,63
-5292,-516,-16688,-184,1066,354,swipe_left,63
-4792,-592,-16636,-415,1110,317,swipe_left,63
-5040,-364,-16468,-336,728,81,swipe_left,63
-5188,-300,-16468,-229,786,-191,swipe_left,63
-4888,-284,-16616,-378,957,213,swipe_left,63
-4796,-100,-16404,-565,1304,346,swipe_left,63
-4812,-36,-16524,-770,442,409,swipe_left,63
-4932,-88,-16564,-277,902,0,swipe_left,63
-4688,-152,-16520,-425,908,154,swipe_left,63
-4584,12,-16772,-751,825,327,swipe_left,63
-1364,3904,-16832,-378,623,-118,swipe_left,63
-1080,3720,-17200,-306,125,52,swipe_left,63
-1340,3896,-16768,-197,1247,-37,swipe_left,63
-1212,3724,-17012,-122,4,3,swipe_left,63
-112,3748,-17152,-524,78,-1278,swipe_left,63
-848,3868,-16612,-668,-205,-5287,swipe_left,63
-1864,3236,-16012,172,-490,-6392,swipe_left,63
-3656,2272,-15956,1722,-134,-7563,swipe_left,63
-4784,1352,-16708,1981,-15,-4906,swipe_left,63
-4644,-424,-17212,706,1052,-1627,swipe_left,64
-4376,76,-17492,21,1954,137,swipe_left,64
-3152,216,-16908,-235,431,61,swipe_left,64
-3756,192,-17236,-205,1117,142,swipe_left,64
-3608,32,-16880,-471,564,-73,swipe_left,64
-3620,428,-16868,-286,838,-109,swipe_left,64
-3412,304,-16956,-181,653,4,swipe_left,64
-3600,200,-16784,-266,727,55,swipe_left,64
-3540,308,-17028,-208,820,85,swipe_left,64
-3600,80,-17028,-286,761,99,swipe_left,64
-3356,192,-17040,-248,335,273,swipe_left,64
420,4096,-17144,-553,686,-4,swipe_left,64
652,3828,-16840,-833,955,-164,swipe_left,64
236,4296,-17404,-1168,659,134,swipe_left,64
1380,4852,-16888,-1034,-113,-603,swipe_left,64
1368,5388,-16808,-955,928,-2397,swipe_left,64
-688,5428,-16304,639,389,-4804,swipe_left,64
-1620,3144,-15960,1253,-26,-4633,swipe_left,64
-360,3784,-17304,2840,1164,-3296,swipe_left,64
-2816,1812,-17480,649,-449,-2262,swipe_left,64
-2676,2084,-17136,0,1215,-149,swipe_left,65
-1964,2460,-17048,-311,736,144,swipe_left,65
-2308,2304,-17000,-232,381,17,swipe_left,65
-2280,2640,-17384,-507,1355,-108,swipe_left,65
-1584,2460,-16948,-258,163,251,swipe_left,65
-1992,2532,-17144,-443,835,96,swipe_left,65
-2144,2408,-16928,-353,921,-174,swipe_left,65
-1548,2200,-17276,-333,471,346,swipe_left,65
-2120,2656,-17276,-97,923,-24,swipe_left,65
-1788,2528,-17164,-632,1549,136,swipe_left,65
-2116,2176,-17252,-445,545,-16,swipe_left,65
1448,5868,-16132,61,-741,3638,swipe_left,65
-1080,6504,-16444,-238,-589,1121,swipe_left,65
112,7164,-15280,652,1333,709,swipe_left,65
896,6784,-16572,671,802,-528,swipe_left,65
712,6456,-15960,63,720,-659,swipe_left,65
1532,6748,-16312,284,7,470,swipe_left,65
1292,6652,-16692,-646,-735,-1366,swipe_left,65
1904,6520,-16036,-840,-1903,-6031,swipe_left,65
-2840,5288,-14432,593,1308,-9082,swipe_left,65
-5212,4140,-16268,800,4399,-6906,swipe_left,66
-4584,4296,-17196,123,609,-397,swipe_left,66
-2524,4972,-16164,-1427,1066,491,swipe_left,66
-2588,5140,-16416,-886,750,394,swipe_left,66
-2288,5364,-16512,-601,1152,-61,swipe_left,66
-1956,5420,-16444,-160,969,409,swipe_left,66
-2288,5392,-16516,-10,709,371,swipe_left,66
-2080,5468,-16024,-1,-1,-1,swipe_left,66
-1896,5344,-16748,-288,781,185,swipe_left,66
-2192,5856,-16216,-266,982,583,swipe_left,66
-1868,5512,-16448,-455,749,137,swipe_left,66
2428,7400,-15560,-435,973,-497,swipe_left,66
2732,7404,-15836,-455,563,227,swipe_left,66
2592,7100,-15544,-194,369,69,swipe_left,66
2676,7076,-15744,103,878,146,swipe_left,66
2188,7104,-15800,-355,444,124,swipe_left,66
2624,6756,-15784,169,794,-13,swipe_left,66
2280,6700,-16024,-106,464,287,swipe_left,66
3184,7100,-15644,-337,224,681,swipe_left,66
3860,7236,-16188,-695,-97,-1696,swipe_left,66
3640,7104,-15712,367,-681,-7059,swipe_left,67
-216,6816,-15488,1316,-673,-11037,swipe_left,67
-3244,6356,-15308,2111,1061,-8851,swipe_left,67
-3384,4572,-16916,1884,1755,-3574,swipe_left,67
-3684,4296,-16856,-315,-101,63,swipe_left,67
-2244,5224,-16500,-206,829,616,swipe_left,67
-2432,5044,-16340,-178,752,186,swipe_left,67
-2544,5120,-16196,-685,465,-65,swipe_left,67
-2632,5524,-16356,-378,1084,83,swipe_left,67
-1928,5168,-16556,116,755,436,swipe_left,67
-2220,5264,-16416,-364,-763,252,swipe_left,67
2280,5608,-16516,-201,752,43,swipe_left,67
2640,5296,-16452,-312,887,-47,swipe_left,67
2252,5748,-16196,-175,256,135,swipe_left,67
2968,5420,-16488,-391,810,-329,swipe_left,67
2860,5476,-16684,-505,23,-1372,swipe_left,67
3684,5500,-16200,-576,536,-3161,swipe_left,67
1636,5812,-16364,-222,-287,-5350,swipe_left,67
-336,5776,-16124,82,1393,-6096,swipe_left,67
544,5200,-16324,705,1510,-5682,swipe_left,67
-1164,4416,-17008,1363,1757,-4421,swipe_left,68
-824,4168,-16596,447,1537,-2736,swipe_left,68
-616,3672,-16996,-574,-182,-839,swipe_left,68
-1968,4300,-17136,-520,1059,271,swipe_left,68
-420,4172,-16888,-252,621,104,swipe_left,68
-1260,4360,-16820,-287,609,-34,swipe_left,68
-668,4596,-16688,-428,1159,110,swipe_left,68
-680,4388,-16856,-305,716,225,swipe_left,68
-608,4284,-16816,26,656,-9,swipe_left,68
-480,4456,-16332,-235,861,229,swipe_left,68
-216,4460,-16956,-295,726,53,swipe_left,68
3696,5472,-16468,40,-85,372,swipe_left,68
3040,6152,-16112,-615,1359,-46,swipe_left,68
3920,5568,-16092,-181,903,649,swipe_left,68
3328,5772,-16280,-147,209,217,swipe_left,68
3184,5944,-16084,-305,759,-298,swipe_left,68
3544,5540,-16276,0,521,217,swipe_left,68
3952,5832,-16340,-296,-644,-55,swipe_left,68
3564,5904,-16224,-786,-29,-1176,swipe_left,68
3380,5804,-16140,-951,-700,-2300,swipe_left,68
1104,6160,-16056,-129,-424,-4480,swipe_left,69
228,5884,-16132,486,-557,-5391,swipe_left,69
-252,5596,-16028,1366,59,-5968,swipe_left,69
-3712,3388,-17248,1859,-518,-4526,swipe_left,69
-3732,3764,-16400,-414,344,-21,swipe_left,69
-3516,3732,-16732,-325,875,157,swipe_left,69
-3120,3824,-16604,-268,1062,279,swipe_left,69
-2884,3948,-16792,-33,1230,205,swipe_left,69
-2824,4512,-16528,171,1504,148,swipe_left,69
-2628,4128,-16548,-353,829,-10,swipe_left,69
-2732,3960,-16612,-204,510,100,swipe_left,69
112,4768,-16660,-186,534,59,swipe_left,69
148,4756,-16904,-427,1259,-150,swipe_left,69
-884,4784,-16772,-506,859,-307,swipe_left,69
0,4980,-16880,-614,1136,136,swipe_left,69
-156,4868,-16696,-247,656,-103,swipe_left,69
208,4504,-16676,-40,949,210,swipe_left,69
1460,4464,-17496,-102,-640,491,swipe_left,69
2000,4976,-16984,-1995,-1756,-3116,swipe_left,69
-620,5036,-15716,-1544,-1765,-9057,swipe_left,69
-3160,3840,-15336,219,-147,-10833,swipe_left,70
-6280,2032,-16500,1512,1262,-7726,swipe_left,70
-6344,1176,-17228,480,-290,-1797,swipe_left,70
-4676,2204,-16580,-577,1340,128,swipe_left,70
-4068,2260,-16468,-750,24,293,swipe_left,70
-4628,2348,-16660,-443,335,135,swipe_left,70
-4512,2208,-16416,-857,867,404,swipe_left,70
-4452,2476,-16644,-539,546,98,swipe_left,70
-4084,2844,-16512,-912,1254,-149,swipe_left,70
-4032,2624,-16500,-175,238,-72,swipe_left,70
-4532,3208,-16576,20,754,-77,swipe_left,70
2052,4888,-16704,-425,-446,6,swipe_left,70
1236,4980,-16740,-112,821,-36,swipe_left,70
2312,4972,-16688,-315,-140,161,swipe_left,70
1824,5180,-17048,-434,-119,-610,swipe_left,70
1976,4852,-16780,-732,-202,-3661,swipe_left,70
892,5156,-16392,-328,-518,-6841,swipe_left,70
-232,5112,-15820,265,-280,-8853,swipe_left,70
-2248,4072,-15856,1453,819,-8586,swipe_left,70
-6584,1192,-17332,2903,276,-5077,swipe_left,70
-2560,2344,-16660,-1062,1385,1913,swipe_left,71
-3228,2672,-17340,286,838,-365,swipe_left,71
-2440,2564,-16824,-415,481,50,swipe_left,71
-2048,2636,-17028,-306,591,-96,swipe_left,71
-2668,2480,-16812,-606,809,-44,swipe_left,71
-2392,2524,-17036,-29,767,80,swipe_left,71
-2492,2652,-17096,-306,397,-26,swipe_left,71
-2528,2748,-16884,-340,624,115,swipe_left,71
-2620,2564,-17140,27,959,81,swipe_left,71
-2284,2980,-16812,-281,752,211,swipe_left,71
-2748,2744,-16692,-287,488,-207,swipe_left,71
1340,4616,-16716,-57,570,351,swipe_left,71
1080,4696,-17064,-230,649,-105,swipe_left,71
1060,4840,-16752,-396,326,-147,swipe_left,71
1468,4768,-16896,-109,-273,-585,swipe_left,71
1308,4656,-16964,-664,-507,-1244,swipe_left,71
716,4644,-17100,-721,-1480,-2340,swipe_left,71
-188,5152,-16548,-1068,262,-3441,swipe_left,71
-1336,4996,-16136,-514,-562,-4022,swipe_left,71
-4928,1952,-16704,-141,-382,-1736,swipe_left,71
-3608,2376,-17184,140,611,-15,swipe_left,72
-4008,2556,-16640,-274,1073,-172,swipe_left,72
-3800,2124,-16704,-317,673,-80,swipe_left,72
-3772,2584,-16488,-286,1287,382,swipe_left,72
-3536,2148,-16516,-650,610,-6,swipe_left,72
-3700,2392,-17144,-225,882,-358,swipe_left,72
-3536,2560,-16596,-407,519,186,swipe_left,72
-3488,2716,-16740,-319,1292,209,swipe_left,72
-3800,2360,-16532,-1150,955,116,swipe_left,72
-3076,2704,-17140,-828,647,375,swipe_left,72
-3424,3216,-16572,-603,1053,44,swipe_left,72
-1688,4528,-16740,1340,1904,-4164,swipe_left,72
-1684,3844,-17188,507,1060,-2818,swipe_left,72
-1652,3936,-16848,223,365,-2202,swipe_left,72
-1764,3744,-17100,129,1040,-757,swipe_left,72
-1000,3560,-17000,-413,456,345,swipe_left,72
-2044,3896,-16996,-325,409,42,swipe_left,72
-932,3960,-17152,169,709,97,swipe_left,72
-1272,3812,-16908,-306,537,282,swipe_left,72
-1308,4236,-16956,-138,1020,35,swipe_left,72
-1152,3896,-16892,-146,758,-16,swipe_left,73
-1100,4036,-17048,-146,571,137,swipe_left,73
-1256,4036,-16784,13,912,39,swipe_left,73
-1052,4156,-17012,-118,708,161,swipe_left,73
-1632,3760,-17032,-445,524,9,swipe_left,73
-1084,3848,-16900,-553,-30,48,swipe_left,73
-1644,4484,-16644,-745,330,51,swipe_left,73
-1708,3952,-16832,19,362,-232,swipe_left,73
-1444,4388,-16804,-443,1168,382,swipe_left,73
-1216,4196,-16676,51,421,-41,swipe_left,73
-1396,4280,-16828,-346,827,-62,swipe_left,73
-768,3880,-16748,-94,160,1062,swipe_left,73
-1112,4772,-17176,-1734,4,-55,swipe_left,73
-2560,796,-17004,1795,2332,-1108,swipe_left,73
-2504,96,-17516,223,374,247,swipe_left,73
-2996,-56,-16912,1037,337,-451,swipe_left,73
-2408,812,-16696,-398,383,926,swipe_left,73
-2876,-116,-17008,418,1016,-190,swipe_left,73
-1808,-240,-17316,980,1201,-47,swipe_left,73
-2776,-632,-16944,525,-381,-73,swipe_left,73
