-1480,3364,-17304,-906,-72,416,swipe_right,0
-1572,3300,-16624,-132,462,-197,swipe_right,0
-2180,3324,-17712,-256,634,-869,swipe_right,0
-1220,2892,-17388,-1790,1211,-3981,swipe_right,0
-1868,3100,-16672,441,112,-465,swipe_right,0
-2032,2884,-17228,191,424,-465,swipe_right,0
-3332,2692,-17260,-422,1091,406,swipe_right,0
-4204,1964,-17832,-3082,2758,6336,swipe_right,0
-1024,4056,-16540,-2485,-1260,10260,swipe_right,0
2552,4524,-15448,326,-10,6049,swipe_right,0
2036,4824,-16412,308,921,-38,swipe_right,0
-544,4752,-17084,-298,1588,-975,swipe_right,0
-660,4796,-16972,-396,-739,-370,swipe_right,0
-940,4900,-16780,-124,258,-304,swipe_right,0
-700,4680,-16812,-77,611,-229,swipe_right,0
-688,4940,-16748,-251,878,-515,swipe_right,0
-792,4888,-16620,-579,638,-484,swipe_right,0
-848,5132,-16680,-382,737,-1041,swipe_right,0
-104,5032,-16556,-659,908,-1335,swipe_right,0
-380,4924,-16552,-228,2030,-4851,swipe_right,0
-1136,2836,-17020,-629,-538,-56,swipe_right,1
-1660,3224,-17080,-462,646,-288,swipe_right,1
-1576,3008,-17048,-393,152,-414,swipe_right,1
-1760,3060,-16940,-823,-644,-278,swipe_right,1
-2292,3044,-16972,-914,82,205,swipe_right,1
-3028,3148,-17344,-1383,464,2047,swipe_right,1
-3180,3612,-16384,-1444,488,4452,swipe_right,1
-2440,3940,-16676,-497,836,6888,swipe_right,1
28,4816,-18456,-174,1443,6451,swipe_right,1
1684,5172,-16456,142,764,2446,swipe_right,1
1432,4484,-16012,106,223,-143,swipe_right,1
-256,4624,-16940,-552,585,-303,swipe_right,1
-216,4376,-16608,-133,451,-131,swipe_right,1
-496,4760,-16900,-274,654,-176,swipe_right,1
-388,4736,-17064,-378,519,-551,swipe_right,1
-524,4404,-16724,-270,660,-17,swipe_right,1
-364,4592,-16948,-300,791,-29,swipe_right,1
-524,4684,-16716,-408,583,-270,swipe_right,1
-732,4640,-16772,-105,717,-234,swipe_right,1
-352,4556,-16776,-545,564,-251,swipe_right,1
-312,5532,-16572,-253,483,22,swipe_right,2
-720,5480,-16440,102,313,-705,swipe_right,2
-300,5516,-16732,-513,726,-362,swipe_right,2
-660,5312,-16700,-71,345,-68,swipe_right,2
-932,5244,-16576,-48,588,-661,swipe_right,2
-880,5172,-16892,-83,348,-202,swipe_right,2
-1032,5384,-16776,-316,-174,258,swipe_right,2
-2296,4824,-16900,-610,934,1144,swipe_right,2
-1768,5160,-16788,-1113,697,4776,swipe_right,2
-432,5988,-16072,-764,-457,5041,swipe_right,2
1044,5536,-15880,456,1896,3391,swipe_right,2
2152,5948,-16328,206,860,869,swipe_right,2
1144,5544,-16644,-620,950,-450,swipe_right,2
772,5660,-16676,-453,463,-926,swipe_right,2
672,5632,-16236,-317,449,17,swipe_right,2
624,5784,-16596,-105,777,-289,swipe_right,2
844,5648,-16736,-343,353,-421,swipe_right,2
140,5744,-16652,-234,254,-471,swipe_right,2
400,5872,-16152,-705,290,-382,swipe_right,2
236,5732,-16704,-296,510,-364,swipe_right,2
-1512,4032,-16916,-153,479,-245,swipe_right,3
-1664,3796,-16972,-33,572,-42,swipe_right,3
-1744,4016,-16776,-153,629,49,swipe_right,3
-1692,3880,-16760,-305,600,-202,swipe_right,3
-1904,4008,-16992,-201,548,-113,swipe_right,3
-1872,3948,-16704,-430,436,167,swipe_right,3
-2492,3812,-16980,-521,730,507,swipe_right,3
-3104,4056,-17368,-836,-44,2570,swipe_right,3
-2812,4636,-16548,-1949,425,5291,swipe_right,3
-528,4800,-16148,-849,-206,7726,swipe_right,3
1580,6424,-15880,227,1314,6227,swipe_right,3
1072,5564,-16984,874,224,1088,swipe_right,3
-24,5316,-16832,-1011,1042,-483,swipe_right,3
-468,5300,-16620,-367,549,-291,swipe_right,3
-124,5608,-16416,-428,697,-146,swipe_right,3
-260,5676,-16492,134,1294,-725,swipe_right,3
-176,5444,-16548,-946,711,-76,swipe_right,3
-408,5384,-16496,-250,586,-205,swipe_right,3
-300,5504,-16524,-266,557,45,swipe_right,3
-308,5476,-16532,-275,707,-64,swipe_right,3
-2656,3948,-16744,-236,578,-131,swipe_right,4
-2652,4036,-16640,-227,644,18,swipe_right,4
-2660,4284,-16568,-285,809,19,swipe_right,4
-2896,3984,-16700,-135,609,4,swipe_right,4
-2708,3988,-16628,-306,467,-150,swipe_right,4
-3048,3956,-16732,-114,796,-219,swipe_right,4
-3812,3684,-17076,-934,898,1203,swipe_right,4
-3760,4308,-16336,-1453,482,4009,swipe_right,4
-2132,4760,-16236,-1508,-230,7301,swipe_right,4
-820,6300,-15192,-633,-410,7502,swipe_right,4
1116,6124,-16420,536,-21,4024,swipe_right,4
432,5844,-16584,7,-87,573,swipe_right,4
-812,6080,-16456,-548,758,-159,swipe_right,4
-836,6232,-16224,-363,684,-160,swipe_right,4
-592,6228,-16268,-178,605,137,swipe_right,4
-772,6080,-16412,-213,511,79,swipe_right,4
-752,6184,-16164,-204,615,103,swipe_right,4
-860,5980,-16300,-42,462,-29,swipe_right,4
-672,5992,-16528,176,337,-199,swipe_right,4
-712,6056,-16244,-382,713,22,swipe_right,4
-1912,4816,-16652,-286,646,-143,swipe_right,5
-1816,4936,-16608,-128,669,-106,swipe_right,5
-2108,4704,-16544,-308,565,-90,swipe_right,5
-1956,4828,-16692,-333,616,29,swipe_right,5
-2224,4684,-16344,-100,622,-340,swipe_right,5
-2780,4480,-16872,-97,577,173,swipe_right,5
-3148,4920,-16964,-1443,1426,2502,swipe_right,5
-2368,4864,-16508,-2410,2009,5974,swipe_right,5
660,6000,-15108,-2441,-688,9450,swipe_right,5
2352,7228,-15424,-175,1108,3812,swipe_right,5
2360,6576,-16580,227,862,417,swipe_right,5
836,6364,-16104,-388,514,-487,swipe_right,5
804,6532,-16044,16,544,-144,swipe_right,5
964,6460,-16240,-213,288,-207,swipe_right,5
656,6724,-16224,-65,493,-466,swipe_right,5
352,6244,-16104,-116,608,-275,swipe_right,5
652,6348,-16304,-10,288,-184,swipe_right,5
424,6340,-16236,-7,353,-142,swipe_right,5
452,6176,-16360,-307,633,-164,swipe_right,5
604,5788,-16312,-295,371,97,swipe_right,5
-2136,4756,-16696,-390,929,449,swipe_right,6
-2236,4608,-16540,-179,518,-276,swipe_right,6
-2184,4484,-16648,-66,408,-143,swipe_right,6
-2288,4432,-16524,-410,566,7,swipe_right,6
-2320,4396,-16644,-408,243,-329,swipe_right,6
-2452,4364,-16680,-481,464,-27,swipe_right,6
-2536,4592,-16692,-392,829,-79,swipe_right,6
-3312,4600,-16944,-975,1449,936,swipe_right,6
-3528,4720,-17300,-3191,386,4944,swipe_right,6
-2456,6152,-15328,-2155,1786,7800,swipe_right,6
1296,7064,-14808,-841,224,6330,swipe_right,6
2604,6612,-15756,220,-112,2121,swipe_right,6
600,6940,-16340,-491,708,-379,swipe_right,6
148,6708,-16172,-277,531,-682,swipe_right,6
308,6812,-15828,-105,576,-31,swipe_right,6
200,6660,-16196,-188,526,-304,swipe_right,6
440,6912,-16156,-274,1048,-256,swipe_right,6
124,6560,-16240,-68,1062,-1167,swipe_right,6
-224,6592,-16104,-314,756,-554,swipe_right,6
332,6640,-16072,-62,554,228,swipe_right,6
-2052,4716,-16612,-354,728,108,swipe_right,7
-1984,4980,-16660,-275,772,-77,swipe_right,7
-1996,4672,-16580,-377,768,-46,swipe_right,7
-2048,4712,-16704,-271,501,-163,swipe_right,7
-2304,4508,-16672,-468,836,165,swipe_right,7
-3720,4284,-17200,-1848,1660,1998,swipe_right,7
-2392,5624,-16332,-2987,1194,5593,swipe_right,7
-928,5976,-15388,-924,1819,5586,swipe_right,7
2388,7104,-15368,394,804,4294,swipe_right,7
2964,6440,-16344,1792,-1247,1422,swipe_right,7
1216,6540,-16636,-753,505,-338,swipe_right,7
844,6288,-16164,-281,50,-274,swipe_right,7
736,6396,-16044,-430,602,-23,swipe_right,7
828,6352,-16252,-129,616,2,swipe_right,7
620,6584,-16112,-42,609,-144,swipe_right,7
804,6292,-16344,-298,469,-445,swipe_right,7
788,6148,-16356,119,959,-326,swipe_right,7
456,6288,-16376,-203,196,-205,swipe_right,7
120,6328,-16452,-197,476,-128,swipe_right,7
648,6112,-16376,-40,445,-16,swipe_right,7
-2252,4408,-16352,-291,797,178,swipe_right,8
-2392,4612,-16672,-316,642,-82,swipe_right,8
-2396,4504,-16700,-99,606,-178,swipe_right,8
-2300,4620,-16564,-300,770,33,swipe_right,8
-2592,4440,-16652,-428,752,140,swipe_right,8
-3532,4436,-17012,-1143,1063,848,swipe_right,8
-2972,4944,-17156,-2820,2254,5873,swipe_right,8
-232,6256,-15028,-2967,3499,9015,swipe_right,8
3252,7324,-15344,156,-275,6183,swipe_right,8
3736,6860,-15908,625,1386,479,swipe_right,8
1504,6760,-16228,-466,245,-1013,swipe_right,8
992,6520,-16060,-13,-332,-470,swipe_right,8
536,6688,-16124,-201,37,-189,swipe_right,8
1020,6496,-16040,54,-2,292,swipe_right,8
600,6464,-16228,-371,435,-97,swipe_right,8
608,6648,-16020,-161,352,102,swipe_right,8
664,6588,-16276,-364,17,98,swipe_right,8
696,6616,-15900,-456,500,-412,swipe_right,8
200,6392,-16068,-342,1130,-904,swipe_right,8
224,6768,-16012,-406,123,-690,swipe_right,8
-1916,4756,-16516,-201,672,-168,swipe_right,9
-2124,5032,-16552,-211,799,-160,swipe_right,9
-2088,4920,-16560,-192,335,-216,swipe_right,9
-2272,4760,-16484,-308,704,158,swipe_right,9
-2352,4860,-16656,-351,650,85,swipe_right,9
-3308,4848,-16904,-1366,940,1764,swipe_right,9
-2432,5360,-16756,-1935,-430,4917,swipe_right,9
-1836,6132,-14900,-2620,1081,4743,swipe_right,9
-568,7532,-15704,-194,1804,3243,swipe_right,9
2252,6756,-15788,785,356,3423,swipe_right,9
568,6768,-16336,-376,255,-234,swipe_right,9
36,6496,-16124,-527,655,-298,swipe_right,9
-116,6792,-15924,-538,462,-165,swipe_right,9
-44,6868,-16136,-132,551,-143,swipe_right,9
-116,6708,-16024,-340,446,-293,swipe_right,9
-124,6812,-15928,-124,529,-202,swipe_right,9
-216,6820,-16280,-254,461,-411,swipe_right,9
-620,6908,-15736,-304,530,-191,swipe_right,9
-312,6680,-16072,-174,690,-68,swipe_right,9
-564,6796,-16048,-32,584,103,swipe_right,9
-1904,5024,-16500,-371,616,-49,swipe_right,10
-1976,5060,-16540,-259,558,-40,swipe_right,10
-2080,5104,-16800,-249,645,-101,swipe_right,10
-2340,5260,-16604,-293,865,-106,swipe_right,10
-2464,5172,-16588,-776,738,698,swipe_right,10
-3104,5140,-17008,-1244,138,1812,swipe_right,10
-3688,5928,-16596,-2169,-818,4933,swipe_right,10
-1276,6436,-15416,-350,-135,5725,swipe_right,10
-456,6948,-15620,622,1906,4032,swipe_right,10
976,6400,-16428,376,512,2347,swipe_right,10
-288,6508,-16104,6,1050,235,swipe_right,10
-484,6664,-16204,-466,428,55,swipe_right,10
-832,6748,-15924,-441,465,-197,swipe_right,10
-484,6656,-16116,-226,518,-29,swipe_right,10
-740,6716,-16036,-70,635,-202,swipe_right,10
-700,6612,-15924,-346,201,-110,swipe_right,10
-832,6788,-16104,-138,655,-78,swipe_right,10
-912,6780,-16004,-197,874,-120,swipe_right,10
-580,6720,-15824,-40,703,-120,swipe_right,10
-828,6700,-16124,-185,698,23,swipe_right,10
-1976,5232,-16516,-232,567,-161,swipe_right,11
-1808,5520,-16392,-212,966,106,swipe_right,11
-1912,5228,-16420,-305,604,6,swipe_right,11
-2008,5260,-16356,-331,810,-128,swipe_right,11
-2532,5004,-16576,-688,986,398,swipe_right,11
-2704,5292,-16708,-1128,1201,1970,swipe_right,11
-2632,5980,-16320,-2585,1027,5260,swipe_right,11
-72,7120,-15384,-1235,1107,6108,swipe_right,11
704,7392,-15468,-289,169,2844,swipe_right,11
1516,6976,-15728,99,259,1744,swipe_right,11
172,6980,-16092,-341,559,-197,swipe_right,11
-24,7136,-15792,-270,722,-71,swipe_right,11
172,7016,-15816,-363,629,38,swipe_right,11
92,6692,-15816,-4,806,82,swipe_right,11
652,7204,-16340,62,1058,427,swipe_right,11
100,6820,-16032,-301,404,-62,swipe_right,11
188,6916,-15864,-338,771,-59,swipe_right,11
448,6920,-16000,-164,342,205,swipe_right,11
232,6752,-16140,-72,152,-143,swipe_right,11
-92,6916,-15776,9,576,140,swipe_right,11
-2176,5152,-16468,100,450,-184,swipe_right,12
-2336,5284,-16624,-381,1036,220,swipe_right,12
-1952,4992,-16280,-425,544,-59,swipe_right,12
-1976,5376,-16272,-602,1041,57,swipe_right,12
-2288,5344,-16608,-192,549,-217,swipe_right,12
-2328,5160,-16448,-389,798,-264,swipe_right,12
-2836,5176,-17152,-1050,398,759,swipe_right,12
-3348,5752,-16748,-2218,1464,2985,swipe_right,12
-1836,6256,-15208,-2321,702,4599,swipe_right,12
1044,6580,-16012,129,-471,5625,swipe_right,12
528,6700,-15932,1107,4,3095,swipe_right,12
1232,6836,-16064,321,911,1851,swipe_right,12
628,7052,-15992,-143,842,469,swipe_right,12
236,6860,-16128,-663,547,-149,swipe_right,12
-300,6844,-15932,-506,837,-335,swipe_right,12
40,6964,-15868,-58,647,215,swipe_right,12
232,6852,-15924,-211,534,32,swipe_right,12
56,6944,-15864,-481,596,2,swipe_right,12
-64,6980,-16048,-279,779,108,swipe_right,12
-348,6892,-15704,-208,683,-35,swipe_right,12
-2844,5084,-16384,-410,803,74,swipe_right,13
-2832,5072,-16276,-184,727,10,swipe_right,13
-2808,5012,-16296,-160,651,43,swipe_right,13
-2816,4788,-16372,-338,593,8,swipe_right,13
-3120,4916,-16568,-431,899,79,swipe_right,13
-3760,4852,-16600,-1220,1773,1307,swipe_right,13
-3580,5624,-16904,-2821,1819,4622,swipe_right,13
-1044,6436,-15756,-1534,498,6880,swipe_right,13
1340,7168,-15048,-967,1864,5207,swipe_right,13
2060,7116,-15104,-50,1141,2890,swipe_right,13
2344,7084,-16036,334,894,394,swipe_right,13
724,7056,-16004,-373,269,-115,swipe_right,13
964,7300,-15816,-256,392,-160,swipe_right,13
1232,7100,-15936,-211,400,-121,swipe_right,13
788,7148,-15972,-297,-148,-69,swipe_right,13
624,7040,-15944,-305,343,69,swipe_right,13
636,7100,-16228,-181,287,114,swipe_right,13
708,6996,-16076,-36,289,26,swipe_right,13
588,7000,-15988,-306,513,8,swipe_right,13
636,7064,-15876,-194,368,37,swipe_right,13
-3120,5208,-16228,-262,953,73,swipe_right,14
-2940,5180,-16224,-252,405,176,swipe_right,14
-3080,5384,-16088,-138,784,-36,swipe_right,14
-3092,5180,-16276,-182,435,-100,swipe_right,14
-3472,5048,-16452,-445,849,204,swipe_right,14
-4172,4944,-16416,-1012,116,1351,swipe_right,14
-4404,6036,-16100,-1959,1457,3847,swipe_right,14
-2304,6312,-15152,-2307,3148,5962,swipe_right,14
-1144,7316,-15008,-749,1746,7283,swipe_right,14
1692,7544,-15332,725,2460,4052,swipe_right,14
2428,6900,-16256,579,58,1229,swipe_right,14
540,7144,-16020,-320,830,-494,swipe_right,14
988,7152,-15772,-261,799,-78,swipe_right,14
812,7184,-15904,-532,354,-327,swipe_right,14
640,7092,-15992,-204,606,77,swipe_right,14
692,7224,-16020,-244,401,-9,swipe_right,14
756,7220,-15812,-157,654,26,swipe_right,14
552,7104,-15784,-188,649,17,swipe_right,14
796,7136,-15756,-314,856,-51,swipe_right,14
760,7076,-15940,-145,438,-34,swipe_right,14
-3152,4852,-16188,-442,803,101,swipe_right,15
-2988,4956,-16428,-211,506,14,swipe_right,15
-3428,4784,-16276,-428,960,123,swipe_right,15
-3344,4764,-16432,-862,393,918,swipe_right,15
-3184,5204,-16624,-764,726,864,swipe_right,15
-3824,4920,-16552,-1644,1288,2571,swipe_right,15
-2880,6044,-15768,-1948,827,4287,swipe_right,15
-2108,6556,-15668,-1567,1007,4852,swipe_right,15
-292,7260,-15132,-614,-255,4623,swipe_right,15
160,7672,-15376,277,2756,2585,swipe_right,15
916,7204,-16012,-50,921,826,swipe_right,15
212,7080,-16124,-173,861,69,swipe_right,15
8,7004,-15788,-229,342,127,swipe_right,15
-4,6936,-15832,-299,588,-26,swipe_right,15
-308,7164,-15964,-272,483,107,swipe_right,15
60,7136,-15944,-176,643,45,swipe_right,15
-8,6980,-15792,-106,596,-6,swipe_right,15
-144,7056,-15960,-104,347,-27,swipe_right,15
-320,7008,-15852,-347,511,-272,swipe_right,15
-84,7112,-15936,-179,618,-292,swipe_right,15
-2588,4756,-16456,-311,689,-12,swipe_right,16
-2500,4688,-16556,-236,524,-42,swipe_right,16
-2636,5024,-16472,-199,790,62,swipe_right,16
-2792,4700,-16484,-307,546,-117,swipe_right,16
-2840,5000,-16576,-304,822,205,swipe_right,16
-3224,4924,-16608,-762,346,763,swipe_right,16
-3716,4952,-17248,-2415,192,3077,swipe_right,16
-2936,5800,-15664,-2361,1660,5241,swipe_right,16
-788,7224,-15536,-1284,949,6794,swipe_right,16
1564,7080,-14556,962,2553,4592,swipe_right,16
1812,6344,-15656,947,326,1838,swipe_right,16
864,6356,-16480,243,886,713,swipe_right,16
480,6484,-15896,-464,645,440,swipe_right,16
784,6488,-16640,-221,-121,209,swipe_right,16
408,6648,-15940,-541,-410,-543,swipe_right,16
-420,6684,-15996,-504,900,-306,swipe_right,16
96,6516,-16228,-164,702,82,swipe_right,16
16,6652,-16100,-234,730,-90,swipe_right,16
220,6396,-16184,-249,35,-38,swipe_right,16
-168,6516,-16240,-383,61,-583,swipe_right,16
-3844,4548,-16296,-291,791,81,swipe_right,17
-3932,4604,-16328,-89,687,55,swipe_right,17
-3916,4348,-16348,-214,726,-48,swipe_right,17
-3848,4640,-16384,-170,711,-147,swipe_right,17
-3860,4444,-16008,-378,747,-7,swipe_right,17
-3904,4452,-16432,-342,686,143,swipe_right,17
-4404,4584,-16700,-889,568,1005,swipe_right,17
-4608,5000,-16444,-1403,442,2189,swipe_right,17
-3828,5436,-16224,-1495,1019,3395,swipe_right,17
-3340,6128,-15784,-1578,1146,4261,swipe_right,17
-1688,6772,-15736,-806,71,5053,swipe_right,17
28,6948,-15520,931,-252,5270,swipe_right,17
808,7048,-16004,1416,-216,2813,swipe_right,17
-148,6684,-15996,-68,195,86,swipe_right,17
-1148,6860,-15936,-255,683,-174,swipe_right,17
-884,6840,-15928,-192,654,-3,swipe_right,17
-588,6748,-16032,-106,363,194,swipe_right,17
-796,6908,-15844,-209,199,-17,swipe_right,17
-820,6908,-15936,-320,659,-172,swipe_right,17
-872,6980,-15844,-424,858,-192,swipe_right,17
-2192,4532,-16556,-350,772,100,swipe_right,18
-2492,4360,-16564,-56,518,-65,swipe_right,18
-2208,4580,-16652,-269,1012,62,swipe_right,18
-2456,4160,-16624,-233,759,-233,swipe_right,18
-2460,4184,-16656,-408,763,131,swipe_right,18
-2520,4640,-16792,-391,899,197,swipe_right,18
-3164,4356,-16760,-804,999,309,swipe_right,18
-2960,4712,-17380,-2225,1891,2205,swipe_right,18
-2456,5784,-16448,-3206,2380,3928,swipe_right,18
-48,6716,-16336,-1987,2752,4985,swipe_right,18
1820,6864,-15436,43,-444,3184,swipe_right,18
2308,6480,-15824,336,180,1670,swipe_right,18
1088,6564,-16116,-197,-143,-368,swipe_right,18
312,6920,-16024,-316,523,-526,swipe_right,18
-68,6880,-15972,-383,642,-43,swipe_right,18
384,6652,-16236,-227,430,-223,swipe_right,18
-108,6584,-15924,-482,12,-163,swipe_right,18
-440,7004,-16104,-1149,-685,926,swipe_right,18
-124,7036,-16320,-51,-987,-195,swipe_right,18
-396,6888,-15468,-1198,359,13,swipe_right,18
-3880,5012,-16136,-248,521,-219,swipe_right,19
-3864,4916,-16180,-736,637,-378,swipe_right,19
-4092,5324,-16240,-1257,1076,622,swipe_right,19
-4400,4976,-16272,-1248,1755,1070,swipe_right,19
-3548,5564,-16784,-3027,956,4349,swipe_right,19
-1096,6980,-15352,-3178,1909,6251,swipe_right,19
-1624,8404,-14596,-2382,2224,4313,swipe_right,19
1924,8072,-15176,-979,43,3070,swipe_right,19
1812,8544,-14744,-881,2296,874,swipe_right,19
1840,8648,-15172,-92,1279,182,swipe_right,19
660,8384,-15460,-209,301,20,swipe_right,19
1096,8312,-15248,-155,644,159,swipe_right,19
932,8160,-15240,-113,116,-195,swipe_right,19
688,8088,-15248,-250,-131,153,swipe_right,19
804,8264,-15164,-148,556,57,swipe_right,19
600,8144,-15348,-179,693,-95,swipe_right,19
860,8084,-15428,-161,524,-35,swipe_right,19
484,8252,-15264,-132,805,-259,swipe_right,19
464,8024,-15424,-53,390,-128,swipe_right,19
684,8044,-15520,-55,399,-264,swipe_right,19
-2628,5960,-16140,-162,893,44,swipe_right,20
-2836,5612,-16116,-310,603,-274,swipe_right,20
-2668,5300,-16212,-258,827,13,swipe_right,20
-2588,5652,-16288,-284,710,-99,swipe_right,20
-2880,5680,-16156,-534,878,76,swipe_right,20
-2568,5724,-16420,-949,1899,257,swipe_right,20
-3552,5664,-16712,-1206,677,1146,swipe_right,20
-2876,6500,-16220,-2636,835,3648,swipe_right,20
-1288,7400,-15432,-2214,249,4682,swipe_right,20
-560,7444,-15516,-668,-64,4401,swipe_right,20
48,7924,-14956,-364,82,2569,swipe_right,20
-484,8352,-14928,-624,2589,1126,swipe_right,20
1544,8280,-15496,218,1188,682,swipe_right,20
-16,8080,-15528,-119,535,-411,swipe_right,20
-328,8140,-15316,-325,618,-152,swipe_right,20
172,8016,-15440,-173,543,75,swipe_right,20
-340,8112,-15268,-376,969,-192,swipe_right,20
-40,8144,-15352,-296,730,-204,swipe_right,20
-328,8116,-15696,-232,582,-185,swipe_right,20
164,8188,-15176,-169,552,-66,swipe_right,20
-2880,4676,-16428,-336,587,-90,swipe_right,21
-2740,5024,-16360,-230,544,223,swipe_right,21
-2844,4960,-16456,-211,798,32,swipe_right,21
-3368,4612,-16604,-648,992,148,swipe_right,21
-2728,5052,-16568,-1351,1137,1410,swipe_right,21
-2012,5664,-16388,-1019,773,1331,swipe_right,21
-2636,5616,-16628,-1315,926,1794,swipe_right,21
-2316,6480,-15864,-1731,183,2235,swipe_right,21
-1792,6996,-15476,-1637,1405,2900,swipe_right,21
-792,7368,-15500,-1191,819,2804,swipe_right,21
-896,7768,-15608,-1005,864,1989,swipe_right,21
-376,8220,-14952,-711,3516,1826,swipe_right,21
1584,7832,-15080,-298,497,1947,swipe_right,21
788,7996,-15328,-64,157,842,swipe_right,21
212,7808,-15372,-370,660,8,swipe_right,21
460,8164,-15268,-214,1127,367,swipe_right,21
680,7960,-15416,-152,503,157,swipe_right,21
260,7960,-15068,-313,748,268,swipe_right,21
716,8036,-15672,-171,616,260,swipe_right,21
576,8104,-15368,-252,325,-196,swipe_right,21
-2824,5060,-16344,-237,508,-68,swipe_right,22
-2384,5468,-16204,-175,735,112,swipe_right,22
-2964,5216,-16280,-475,828,76,swipe_right,22
-2648,5404,-16268,-758,428,591,swipe_right,22
-2788,5692,-16352,-1530,1087,1644,swipe_right,22
-2476,6336,-16324,-1504,1236,2172,swipe_right,22
-1500,6828,-15664,-1816,795,3230,swipe_right,22
-1580,7348,-15300,-1732,1061,3164,swipe_right,22
-796,7928,-15212,-1200,683,3718,swipe_right,22
204,7832,-15060,-730,1431,3329,swipe_right,22
1180,8408,-15244,-516,1921,1921,swipe_right,22
1496,7676,-15508,-82,-174,793,swipe_right,22
100,8392,-15476,-343,684,33,swipe_right,22
916,7860,-15504,-155,528,196,swipe_right,22
820,8060,-15384,-408,452,-69,swipe_right,22
716,7936,-15472,-199,394,-104,swipe_right,22
712,7708,-15444,24,744,443,swipe_right,22
492,7980,-15464,-203,515,-324,swipe_right,22
856,8016,-15448,-13,890,-173,swipe_right,22
624,7776,-15540,-179,306,-551,swipe_right,22
-4180,4424,-16272,-194,1080,-46,swipe_right,23
-3876,4320,-16192,-511,1103,179,swipe_right,23
-3892,4440,-16164,-443,1334,154,swipe_right,23
-4088,4340,-16164,-867,1731,123,swipe_right,23
-3692,4680,-16692,-1153,1868,963,swipe_right,23
-3268,5100,-16660,-1647,1715,1904,swipe_right,23
-2768,5612,-16224,-2335,1107,2857,swipe_right,23
-1340,6588,-15796,-2275,1022,3597,swipe_right,23
-2116,7304,-15236,-2160,831,3643,swipe_right,23
156,7536,-15356,-1018,427,3910,swipe_right,23
-904,8152,-15424,-500,352,3385,swipe_right,23
1316,8016,-15120,-491,759,2735,swipe_right,23
1912,8204,-15000,-419,1627,591,swipe_right,23
1064,8732,-14780,-961,744,624,swipe_right,23
1372,8748,-15168,-664,1669,370,swipe_right,23
1024,8532,-15008,-443,-495,43,swipe_right,23
1184,8400,-15348,-130,1115,-119,swipe_right,23
800,8192,-15188,-681,554,-345,swipe_right,23
984,8568,-15120,-145,455,-71,swipe_right,23
1132,8344,-15184,123,776,-206,swipe_right,23
-3888,4836,-16276,-54,966,75,swipe_right,24
-4024,4596,-16244,-550,736,190,swipe_right,24
-3920,4660,-16272,-87,930,-96,swipe_right,24
-4084,4572,-16160,-409,629,-37,swipe_right,24
-3392,4356,-16336,-251,632,80,swipe_right,24
-4016,4764,-16424,-421,1264,237,swipe_right,24
-3812,4676,-16152,-835,632,277,swipe_right,24
-3468,4820,-16476,-1369,2132,1299,swipe_right,24
-3332,5576,-16388,-1911,1101,2055,swipe_right,24
-2940,6104,-16316,-2428,1274,3474,swipe_right,24
-1660,6884,-15356,-2554,953,4160,swipe_right,24
-852,7584,-14984,-1594,1940,3869,swipe_right,24
-24,8152,-15060,-1274,972,3733,swipe_right,24
972,8160,-15124,-64,210,3581,swipe_right,24
2028,8736,-15256,49,-403,2375,swipe_right,24
1476,8304,-15148,-512,-65,-121,swipe_right,24
1104,8404,-15080,-281,696,-320,swipe_right,24
660,8444,-14880,-471,1060,-401,swipe_right,24
1296,8444,-15148,-33,931,-46,swipe_right,24
664,8512,-15136,-268,792,-281,swipe_right,24
-2480,4684,-16636,-82,517,-17,swipe_right,25
-2284,4844,-16520,-527,1064,83,swipe_right,25
-3076,4504,-17180,-928,1192,664,swipe_right,25
-2776,5332,-16532,-1969,758,1932,swipe_right,25
-2008,5660,-16368,-2184,731,2672,swipe_right,25
-1780,6592,-16452,-2524,1931,3486,swipe_right,25
-812,7548,-14900,-2464,2183,3417,swipe_right,25
904,8040,-14892,-1037,1040,3746,swipe_right,25
892,7812,-14940,-18,728,2970,swipe_right,25
1548,7924,-15152,-267,731,2147,swipe_right,25
1448,8308,-15908,-132,462,214,swipe_right,25
744,8040,-15276,-297,588,-77,swipe_right,25
784,8216,-15228,-196,533,-357,swipe_right,25
820,8140,-15484,-195,791,-206,swipe_right,25
436,8152,-15272,-325,620,0,swipe_right,25
312,8284,-15316,-281,739,-196,swipe_right,25
204,8244,-15432,-222,194,-56,swipe_right,25
40,7976,-15308,22,292,-22,swipe_right,25
356,8124,-15172,-188,295,159,swipe_right,25
60,8188,-15412,-160,693,-154,swipe_right,25
-2660,5356,-16336,-242,519,-106,swipe_right,26
-2764,5188,-16328,-505,769,23,swipe_right,26
-2972,5196,-16192,-266,832,12,swipe_right,26
-2708,5112,-16184,-362,631,-30,swipe_right,26
-2904,5600,-16256,-654,1466,213,swipe_right,26
-2896,5308,-16680,-1441,1664,1166,swipe_right,26
-2756,5812,-16404,-2806,1249,3093,swipe_right,26
-936,6928,-15288,-2950,1960,4210,swipe_right,26
432,7584,-15464,-1538,9,4634,swipe_right,26
956,7992,-14696,-859,-10,3490,swipe_right,26
776,8300,-15140,-509,-1791,2299,swipe_right,26
1920,8292,-15540,-295,525,250,swipe_right,26
920,8012,-15328,-242,742,-113,swipe_right,26
792,8120,-15276,-169,744,51,swipe_right,26
712,8020,-15416,-344,280,-150,swipe_right,26
904,8328,-15280,-102,485,-106,swipe_right,26
884,7880,-15504,-288,711,-64,swipe_right,26
452,8148,-15468,-256,509,-233,swipe_right,26
628,8020,-15460,-300,229,-339,swipe_right,26
820,8320,-15212,-130,770,-123,swipe_right,26
-2108,5268,-16480,-269,588,-74,swipe_right,27
-2188,5452,-16232,-718,1221,156,swipe_right,27
-2088,5392,-16312,-160,357,55,swipe_right,27
-2208,5432,-16264,-479,930,110,swipe_right,27
-2312,5400,-16504,-424,524,86,swipe_right,27
-2668,5480,-16584,-806,1016,707,swipe_right,27
-2668,5656,-16768,-1541,729,1626,swipe_right,27
-2272,6448,-15928,-2477,102,3647,swipe_right,27
-2260,7436,-15156,-2125,-566,4610,swipe_right,27
-764,7224,-15152,-1679,157,4991,swipe_right,27
564,8176,-14568,-909,1296,3773,swipe_right,27
1584,8584,-14876,-182,848,1592,swipe_right,27
636,8680,-15156,-446,538,-198,swipe_right,27
412,8484,-15100,-576,791,-84,swipe_right,27
672,8516,-15348,-34,200,118,swipe_right,27
12,8688,-15148,-296,587,-137,swipe_right,27
368,8544,-15084,-379,857,-183,swipe_right,27
624,8572,-15144,-272,331,-281,swipe_right,27
32,8508,-15312,-349,396,-397,swipe_right,27
408,8464,-14992,-134,516,-621,swipe_right,27
-668,6648,-16072,-223,326,-1,swipe_right,28
-340,6936,-15920,-122,483,108,swipe_right,28
-660,6956,-16004,-333,776,1,swipe_right,28
-488,6804,-16024,-265,452,-30,swipe_right,28
-736,6756,-16060,-432,786,325,swipe_right,28
-936,6872,-16224,-923,103,930,swipe_right,28
-784,7140,-15916,-1286,302,1702,swipe_right,28
-372,7464,-15756,-1497,63,2434,swipe_right,28
360,7772,-15352,-1644,-323,2767,swipe_right,28
160,8540,-15392,-912,-316,2199,swipe_right,28
108,8276,-14884,-608,152,1844,swipe_right,28
648,8416,-15340,-803,780,3161,swipe_right,28
1252,8348,-14632,-132,-261,2495,swipe_right,28
1712,8780,-15116,-327,572,1455,swipe_right,28
1464,8628,-14988,-245,832,516,swipe_right,28
1420,8880,-15068,-147,488,-70,swipe_right,28
1172,8576,-14912,-313,529,-52,swipe_right,28
852,8596,-15256,-530,638,44,swipe_right,28
1012,8644,-14936,-167,489,-192,swipe_right,28
1004,8724,-14904,-475,617,-157,swipe_right,28
-1644,6616,-15784,-246,759,-89,swipe_right,29
-1220,6620,-15864,-439,774,10,swipe_right,29
-1528,6832,-15956,-212,805,-17,swipe_right,29
-1704,6612,-16136,-346,315,117,swipe_right,29
-2316,6700,-16384,-1296,824,1593,swipe_right,29
-1276,7260,-15440,-1780,280,2404,swipe_right,29
-1344,7780,-15336,-1834,1232,3349,swipe_right,29
-1160,8528,-16208,-1660,504,4213,swipe_right,29
800,8772,-14476,-1150,106,3950,swipe_right,29
1100,8864,-14616,-837,1284,3241,swipe_right,29
2120,9072,-14584,-178,616,654,swipe_right,29
1656,8788,-15020,-163,396,-180,swipe_right,29
1264,8764,-15000,-128,425,-219,swipe_right,29
1388,8804,-14760,-126,196,-47,swipe_right,29
1040,8936,-15028,-107,444,-318,swipe_right,29
812,8856,-14812,-268,618,-237,swipe_right,29
1100,8604,-15240,-125,728,-25,swipe_right,29
872,8732,-14764,-346,263,-214,swipe_right,29
656,8860,-14732,-204,1181,-120,swipe_right,29
1212,8884,-15164,-230,578,-409,swipe_right,29
-2100,4192,-16756,-229,336,660,swipe_right,30
-1996,4376,-16660,-417,869,-537,swipe_right,30
-1824,4212,-16788,-483,1305,-745,swipe_right,30
-2300,4136,-16920,-283,673,-132,swipe_right,30
-2696,3916,-16716,-396,508,471,swipe_right,30
-4500,3224,-16748,-1026,3012,3713,swipe_right,30
-556,4388,-16808,-932,1166,8784,swipe_right,30
4140,5140,-16728,712,684,5869,swipe_right,30
3432,4228,-16952,-13,388,-15,swipe_right,30
752,4336,-17184,-616,361,-237,swipe_right,30
300,4596,-17108,-613,494,-257,swipe_right,30
1036,4472,-16772,-348,99,10,swipe_right,30
500,4728,-16812,-513,548,-321,swipe_right,30
756,4624,-16988,-400,902,-53,swipe_right,30
620,4596,-16960,-418,676,-570,swipe_right,30
384,4844,-16584,-481,489,-226,swipe_right,30
512,4536,-17060,-194,528,-213,swipe_right,30
320,4748,-16800,-369,725,-378,swipe_right,30
324,4892,-16604,-312,726,-59,swipe_right,30
484,4860,-16724,-176,637,-19,swipe_right,30
-728,4052,-17004,-270,661,-112,swipe_right,31
-608,4188,-16892,-306,655,-31,swipe_right,31
-780,4224,-16896,-321,636,1,swipe_right,31
-608,4036,-16916,-296,556,-46,swipe_right,31
-844,4240,-17060,-462,735,131,swipe_right,31
-1372,4104,-17092,-713,520,746,swipe_right,31
-1296,4172,-17084,-1206,423,2500,swipe_right,31
-1280,4960,-16612,-949,268,3723,swipe_right,31
-556,5492,-16524,-858,876,4473,swipe_right,31
1088,5872,-16488,-389,532,3525,swipe_right,31
1728,5260,-16568,-60,543,1941,swipe_right,31
840,5240,-16828,-219,559,-318,swipe_right,31
688,5092,-16868,-152,538,-167,swipe_right,31
584,5128,-16752,-277,699,-163,swipe_right,31
568,5228,-16532,-358,773,-38,swipe_right,31
732,5356,-16672,-340,635,-62,swipe_right,31
564,5224,-16700,-287,564,-142,swipe_right,31
504,5256,-16572,-388,637,-4,swipe_right,31
564,5384,-16684,-272,645,90,swipe_right,31
492,5356,-16660,-237,600,-48,swipe_right,31
-468,4120,-16984,218,418,-180,swipe_right,32
-456,3964,-17128,-254,467,43,swipe_right,32
-456,3944,-16860,-390,718,-28,swipe_right,32
-584,3904,-16952,-366,494,-22,swipe_right,32
-496,4040,-16992,-217,758,-155,swipe_right,32
-488,3948,-17108,-431,629,131,swipe_right,32
-1164,3884,-17124,-590,593,625,swipe_right,32
-1856,4204,-17336,-1899,520,3186,swipe_right,32
-908,5044,-16416,-1359,-153,4862,swipe_right,32
472,5148,-16492,-951,60,5817,swipe_right,32
1272,5568,-16604,-549,317,3853,swipe_right,32
2132,5604,-16572,-208,803,612,swipe_right,32
368,5424,-16676,-421,695,-249,swipe_right,32
636,5596,-16648,-484,675,-69,swipe_right,32
560,5592,-16424,-166,640,-105,swipe_right,32
912,5616,-16552,-286,1023,-319,swipe_right,32
456,5668,-16404,-250,454,-147,swipe_right,32
804,5712,-16504,-51,738,-199,swipe_right,32
544,5772,-16648,-295,599,-71,swipe_right,32
644,5812,-16492,-31,481,-62,swipe_right,32
20,4576,-16848,-193,669,131,swipe_right,33
-28,4536,-16876,-199,694,-71,swipe_right,33
-212,4508,-16928,-242,608,-115,swipe_right,33
80,4488,-16864,-321,710,255,swipe_right,33
-232,4528,-16912,-302,583,40,swipe_right,33
-268,4508,-16912,-636,648,332,swipe_right,33
-1100,4364,-17220,-1207,-67,1664,swipe_right,33
-1020,4892,-16812,-1712,-625,4224,swipe_right,33
288,5176,-16340,-1091,-1086,5728,swipe_right,33
1064,6024,-15728,-535,593,5053,swipe_right,33
2268,5504,-16992,405,456,2222,swipe_right,33
1192,5580,-16572,-315,656,-167,swipe_right,33
768,5528,-16456,-250,748,-30,swipe_right,33
800,5484,-16560,-292,558,-34,swipe_right,33
604,5572,-16608,-404,617,-119,swipe_right,33
712,5608,-16428,-312,716,-218,swipe_right,33
676,5676,-16580,-126,692,-150,swipe_right,33
544,5568,-16416,-366,658,-227,swipe_right,33
696,5576,-16772,-305,686,10,swipe_right,33
508,5544,-16436,-349,569,-112,swipe_right,33
-944,4072,-16916,-137,454,146,swipe_right,34
-900,4128,-16952,-159,745,12,swipe_right,34
-876,4040,-16944,-321,603,76,swipe_right,34
-1132,3996,-17012,-568,538,83,swipe_right,34
-880,4176,-16856,-631,799,157,swipe_right,34
-1608,3984,-17288,-626,675,665,swipe_right,34
280,3700,-16920,-1825,-110,3221,swipe_right,34
-960,5180,-16396,-1819,128,4687,swipe_right,34
-224,5512,-16252,-1064,614,5215,swipe_right,34
992,6016,-16160,-525,803,5119,swipe_right,34
2052,5764,-16300,181,319,2951,swipe_right,34
1864,5880,-16332,97,741,563,swipe_right,34
1500,5680,-16548,-221,591,68,swipe_right,34
988,5668,-16452,-292,580,-131,swipe_right,34
896,5756,-16412,-251,641,-30,swipe_right,34
952,5792,-16496,-236,699,90,swipe_right,34
972,5744,-16588,-470,925,-290,swipe_right,34
672,5812,-16292,-232,634,91,swipe_right,34
1036,5772,-16452,-209,710,108,swipe_right,34
1076,5776,-16608,-177,558,-20,swipe_right,34
-612,4380,-16800,-320,654,3,swipe_right,35
-496,4320,-16988,-238,520,-19,swipe_right,35
-668,4384,-16888,-344,703,61,swipe_right,35
-588,4376,-16976,-367,630,-27,swipe_right,35
-676,4312,-16900,-456,627,349,swipe_right,35
-1604,4260,-17084,-1091,751,1568,swipe_right,35
-1088,4776,-16932,-1287,-103,2436,swipe_right,35
-1372,4764,-16536,-1897,-110,4768,swipe_right,35
-36,5808,-15912,-1475,379,5446,swipe_right,35
1016,5948,-16396,14,81,4373,swipe_right,35
1840,6036,-16356,395,611,2759,swipe_right,35
1512,5948,-16488,-110,563,205,swipe_right,35
736,5820,-16664,-277,684,76,swipe_right,35
896,5752,-16500,-133,610,-121,swipe_right,35
908,5784,-16396,-131,478,-81,swipe_right,35
932,5844,-16328,-224,1011,11,swipe_right,35
592,5808,-16656,-244,678,8,swipe_right,35
788,5932,-16276,-173,455,178,swipe_right,35
952,5776,-16480,-259,542,-76,swipe_right,35
816,5976,-16352,-348,704,87,swipe_right,35
-808,4308,-16936,-281,570,71,swipe_right,36
-984,4236,-16952,-226,792,-58,swipe_right,36
-828,4196,-17076,-313,612,-101,swipe_right,36
-896,4352,-16824,-520,773,121,swipe_right,36
-1024,4468,-16848,-683,684,512,swipe_right,36
-1972,4344,-17136,-655,681,789,swipe_right,36
-1856,4704,-16996,-1733,-77,3818,swipe_right,36
-1588,5100,-16020,-1785,-155,6441,swipe_right,36
-20,6204,-16064,-1088,387,6988,swipe_right,36
2236,6544,-15036,352,557,4501,swipe_right,36
2508,5692,-16660,577,962,1621,swipe_right,36
1108,5748,-16648,-365,746,36,swipe_right,36
744,5676,-16356,-373,553,-152,swipe_right,36
732,5860,-16420,-260,670,-131,swipe_right,36
840,5772,-16480,-303,573,-157,swipe_right,36
728,5788,-16436,-237,625,-120,swipe_right,36
696,5920,-16360,-323,759,-208,swipe_right,36
776,5772,-16576,-249,574,-137,swipe_right,36
532,5964,-16424,-248,508,-263,swipe_right,36
552,5836,-16396,-134,438,-93,swipe_right,36
-504,4512,-16932,-168,777,192,swipe_right,37
-648,4444,-16932,-117,576,26,swipe_right,37
-712,4340,-16948,-458,515,305,swipe_right,37
-1076,4312,-17064,-512,627,734,swipe_right,37
-136,4284,-16744,-921,-180,1594,swipe_right,37
-836,4860,-16864,-663,245,2518,swipe_right,37
-1044,4956,-16996,-1218,-167,3275,swipe_right,37
-476,5612,-16396,-1246,-224,4095,swipe_right,37
196,6108,-16284,-1036,-281,3647,swipe_right,37
284,5820,-16044,108,226,2673,swipe_right,37
-12,5588,-16548,-272,417,2385,swipe_right,37
1128,5704,-16268,-89,504,1822,swipe_right,37
652,5840,-16244,-284,845,902,swipe_right,37
988,5668,-16628,-174,770,103,swipe_right,37
448,5652,-16460,-349,553,-186,swipe_right,37
616,5908,-16448,-13,781,-66,swipe_right,37
624,5848,-16412,-386,734,-164,swipe_right,37
556,5852,-16544,-401,758,-128,swipe_right,37
536,5836,-16384,-232,798,24,swipe_right,37
632,5700,-16540,-193,535,-141,swipe_right,37
-1048,4328,-16596,-343,685,83,swipe_right,38
-884,4464,-17020,-427,681,108,swipe_right,38
-920,4440,-16964,-430,702,177,swipe_right,38
-912,4384,-16884,-621,842,317,swipe_right,38
-952,4616,-16932,-891,700,677,swipe_right,38
-792,4588,-16776,-775,401,1149,swipe_right,38
-1144,4928,-16804,-808,539,2445,swipe_right,38
-784,5172,-16620,-803,357,2865,swipe_right,38
-540,5348,-16524,-952,392,3373,swipe_right,38
-32,5800,-16320,-664,384,3942,swipe_right,38
44,5704,-16412,-691,63,3577,swipe_right,38
648,6032,-16376,-24,185,3923,swipe_right,38
1228,5880,-15888,743,1226,2602,swipe_right,38
3492,5308,-17648,-951,3749,849,swipe_right,38
1096,5596,-16456,-326,760,-4,swipe_right,38
1224,5736,-16628,-372,390,-144,swipe_right,38
1368,5744,-16216,-257,818,157,swipe_right,38
1316,5788,-16660,-160,588,136,swipe_right,38
1168,5656,-16500,-236,520,28,swipe_right,38
1232,5796,-16520,-190,763,174,swipe_right,38
-980,4312,-16920,-279,700,240,swipe_right,39
-824,4352,-16812,-324,690,-8,swipe_right,39
-844,4448,-16868,-299,683,-5,swipe_right,39
-976,4344,-16928,-223,726,143,swipe_right,39
-984,4324,-16844,-285,665,61,swipe_right,39
-1040,4320,-17000,-275,567,83,swipe_right,39
-1340,4368,-17044,-620,689,791,swipe_right,39
-1536,4300,-17016,-1398,194,2096,swipe_right,39
-1176,5124,-16636,-1678,685,3594,swipe_right,39
-980,5488,-17296,-1704,-451,4896,swipe_right,39
28,5812,-16452,-931,-496,4756,swipe_right,39
-40,6028,-17316,-98,-1042,3918,swipe_right,39
1572,6340,-16200,18,512,2180,swipe_right,39
904,5788,-16404,27,212,-28,swipe_right,39
-64,6060,-16452,-420,793,-144,swipe_right,39
-124,6064,-16336,-361,633,-139,swipe_right,39
248,6008,-16392,-200,643,130,swipe_right,39
4,6124,-16436,-435,833,-368,swipe_right,39
-32,5960,-16396,-377,735,-125,swipe_right,39
36,6244,-16176,-73,661,192,swipe_right,39
2452,5776,-16168,-391,581,-118,swipe_right,40
2272,5988,-15868,-406,964,69,swipe_right,40
2740,5492,-16240,-444,171,293,swipe_right,40
2564,5924,-15932,-771,846,-174,swipe_right,40
2664,5804,-16372,-259,524,43,swipe_right,40
2428,5964,-16364,-201,230,-310,swipe_right,40
-2748,7916,-17860,-1886,356,1683,swipe_right,40
3768,6256,-14092,-4981,525,5411,swipe_right,40
8856,2980,-12872,1823,-434,-329,swipe_right,40
4076,4540,-16380,1969,1572,-2442,swipe_right,40
2172,5932,-17584,1007,-277,300,swipe_right,40
1900,6780,-16188,-226,602,659,swipe_right,40
3088,5908,-16332,-395,492,434,swipe_right,40
3240,5508,-16188,-78,230,-97,swipe_right,40
2644,5620,-16512,-369,781,-143,swipe_right,40
2752,5872,-16128,-504,777,304,swipe_right,40
3064,5900,-16220,-247,414,-20,swipe_right,40
2820,5760,-16304,-126,415,37,swipe_right,40
2688,5916,-16260,-114,591,58,swipe_right,40
2684,6136,-16220,-276,681,-1,swipe_right,40
2316,6444,-15856,-547,1039,-408,swipe_right,41
2388,6508,-16096,-294,755,96,swipe_right,41
2368,6676,-16048,46,252,119,swipe_right,41
2264,6276,-15956,-340,1041,-34,swipe_right,41
2544,6604,-16116,-180,453,218,swipe_right,41
2196,6476,-15888,31,422,-16,swipe_right,41
2476,6528,-15876,-278,727,-155,swipe_right,41
-1792,7436,-17288,-569,883,485,swipe_right,41
92,5888,-18464,-573,1562,6963,swipe_right,41
8088,5040,-15516,9320,-33,1763,swipe_right,41
4600,4220,-17444,663,1679,-1432,swipe_right,41
3184,5932,-16540,186,720,387,swipe_right,41
3804,5652,-16152,14,593,279,swipe_right,41
3488,5620,-15968,-347,602,38,swipe_right,41
3376,5840,-16436,-446,679,-17,swipe_right,41
3536,5768,-16064,-550,783,16,swipe_right,41
3312,5948,-15840,-177,257,119,swipe_right,41
3508,5796,-16168,-206,292,243,swipe_right,41
3344,5536,-16092,-113,310,289,swipe_right,41
3316,5952,-16164,-300,523,-139,swipe_right,41
2808,5524,-16124,-519,942,152,swipe_right,42
3156,5292,-16564,109,321,138,swipe_right,42
2780,5388,-16040,-157,424,30,swipe_right,42
2888,5272,-16308,-327,880,-60,swipe_right,42
2872,5236,-16532,-153,563,-98,swipe_right,42
2844,5108,-16252,-237,645,150,swipe_right,42
2324,5552,-16200,-578,1080,103,swipe_right,42
804,6668,-17436,-1400,1064,1042,swipe_right,42
1792,6952,-16012,-1900,1664,4884,swipe_right,42
7112,5652,-16416,-12,-1034,1394,swipe_right,42
5260,5040,-15288,-363,592,-69,swipe_right,42
3496,6248,-16228,-413,929,-18,swipe_right,42
4024,5352,-16444,-36,522,259,swipe_right,42
3576,5852,-16268,-347,1081,-218,swipe_right,42
3744,6096,-15368,-162,-42,15,swipe_right,42
3908,6192,-16216,15,990,-74,swipe_right,42
3472,5960,-15796,-36,369,-4,swipe_right,42
3740,6108,-15996,-574,509,-94,swipe_right,42
3704,5988,-16000,-137,461,37,swipe_right,42
3716,6060,-15904,-268,604,101,swipe_right,42
3412,5668,-16240,-91,349,14,swipe_right,43
3220,5516,-16328,27,346,53,swipe_right,43
3336,5720,-15956,-392,774,-150,swipe_right,43
3044,5676,-16284,-608,876,-180,swipe_right,43
3024,5964,-16316,45,720,-419,swipe_right,43
-1112,6608,-17648,-1220,29,2426,swipe_right,43
2988,4212,-15380,-3438,245,8038,swipe_right,43
8988,4424,-15348,671,-191,1871,swipe_right,43
4720,5940,-15632,-868,1198,-889,swipe_right,43
4520,5964,-15796,-298,-171,-80,swipe_right,43
4836,5952,-15676,-266,617,-7,swipe_right,43
4400,6012,-15892,-158,760,100,swipe_right,43
4644,5860,-15836,-324,220,138,swipe_right,43
4392,6000,-15792,-376,864,-170,swipe_right,43
4580,5892,-15676,-164,498,275,swipe_right,43
4532,6168,-15752,-145,477,7,swipe_right,43
4552,6096,-15460,-542,605,-33,swipe_right,43
4644,6072,-16020,-78,414,76,swipe_right,43
4408,6228,-15716,-207,663,-160,swipe_right,43
4528,6172,-15616,-559,651,-6,swipe_right,43
3732,6028,-16208,-44,421,-215,swipe_right,44
3316,6012,-15920,-246,469,95,swipe_right,44
3776,6280,-15848,-154,784,-186,swipe_right,44
3556,5660,-16004,-199,336,-14,swipe_right,44
3652,6076,-15908,-370,830,25,swipe_right,44
3712,5964,-16132,-141,533,-15,swipe_right,44
3456,6108,-16076,-70,704,-538,swipe_right,44
-5564,3716,-18280,-1214,1024,7406,swipe_right,44
8776,3924,-14868,2972,-6786,4480,swipe_right,44
6548,3108,-15732,-1615,2117,45,swipe_right,44
3900,5104,-17144,-357,749,-558,swipe_right,44
4032,5736,-15976,-701,-80,-164,swipe_right,44
4280,5664,-16000,-558,287,-22,swipe_right,44
4180,5492,-16060,-20,760,-248,swipe_right,44
4004,5668,-15936,-213,545,34,swipe_right,44
4068,5752,-15856,-117,437,136,swipe_right,44
4084,5752,-15952,-510,809,-53,swipe_right,44
3988,5588,-16008,116,577,126,swipe_right,44
3920,6160,-15800,-528,720,-135,swipe_right,44
4012,5556,-16052,34,303,-50,swipe_right,44
2060,5920,-16400,-85,749,-267,swipe_right,46
2120,5760,-16212,227,357,-220,swipe_right,46
2196,5612,-16136,-635,535,93,swipe_right,46
1972,5620,-16428,-18,456,-344,swipe_right,46
1732,5824,-16260,-852,990,330,swipe_right,46
2472,5776,-16584,-662,734,-19,swipe_right,46
1752,5636,-16016,-272,576,-439,swipe_right,46
1640,5528,-16328,-493,402,-758,swipe_right,46
-1700,4764,-18104,-1281,-448,1339,swipe_right,46
1100,4964,-15588,-2835,2582,6132,swipe_right,46
5848,7292,-15032,-939,852,8043,swipe_right,46
7028,4720,-15972,1625,-137,1621,swipe_right,46
4444,5612,-16496,-381,460,-212,swipe_right,46
3880,5616,-16452,-299,190,-320,swipe_right,46
4288,5272,-16024,-610,260,327,swipe_right,46
4100,5592,-16108,91,-255,443,swipe_right,46
3952,5716,-16240,-492,674,-294,swipe_right,46
3864,5672,-15936,-185,420,58,swipe_right,46
3880,5764,-16128,-553,390,-93,swipe_right,46
3828,5576,-16140,-305,664,4,swipe_right,46
2144,5872,-16136,11,144,111,swipe_right,47
2492,5792,-16404,-274,439,135,swipe_right,47
2152,5916,-16132,-664,980,-52,swipe_right,47
2224,6040,-16316,-394,789,-271,swipe_right,47
2284,5884,-16304,-51,559,-283,swipe_right,47
2124,5812,-16124,-67,497,-80,swipe_right,47
1776,5904,-16928,-142,968,680,swipe_right,47
200,6484,-16236,-2956,1156,3921,swipe_right,47
1836,5772,-16020,-1929,1674,7585,swipe_right,47
5764,5632,-15216,-1252,1428,7783,swipe_right,47
8188,5100,-16600,1674,-629,1442,swipe_right,47
5048,5940,-16468,-193,1107,-243,swipe_right,47
4140,5684,-15596,-449,163,-103,swipe_right,47
5156,5484,-15780,-111,615,-270,swipe_right,47
4656,5788,-15848,-104,559,-131,swipe_right,47
4728,5764,-15704,-24,748,-220,swipe_right,47
4404,5808,-16032,-261,492,-320,swipe_right,47
4708,5596,-15848,-43,-2,63,swipe_right,47
4396,5796,-15876,-265,569,1,swipe_right,47
4880,5760,-15744,-558,783,-46,swipe_right,47
1716,6688,-16004,-471,925,177,swipe_right,48
1644,6468,-15852,-18,453,30,swipe_right,48
1568,6592,-15928,-600,970,-87,swipe_right,48
1776,6536,-16208,-457,604,-262,swipe_right,48
1644,6668,-16052,93,194,-59,swipe_right,48
1496,6472,-15736,-285,759,3,swipe_right,48
376,6484,-16016,-578,1223,156,swipe_right,48
-5172,5088,-16464,-1649,1631,5497,swipe_right,48
7664,5652,-15944,368,2235,10029,swipe_right,48
8672,6068,-16320,1812,549,2982,swipe_right,48
4060,5732,-15976,-321,1148,-249,swipe_right,48
4148,6668,-15636,-501,907,255,swipe_right,48
4136,6592,-15748,-385,759,215,swipe_right,48
4276,6288,-15664,-416,334,311,swipe_right,48
4348,6184,-15928,-139,489,29,swipe_right,48
3828,5976,-15820,-215,658,130,swipe_right,48
3972,6216,-15780,-89,604,-79,swipe_right,48
4276,6336,-15600,-479,894,-57,swipe_right,48
4432,6172,-15904,-358,361,86,swipe_right,48
4116,6248,-15768,-123,624,-101,swipe_right,48
2532,6056,-16092,-384,823,78,swipe_right,49
2220,5776,-16296,-36,353,-92,swipe_right,49
2380,5952,-16300,-336,652,-71,swipe_right,49
2392,6152,-16348,-399,592,-391,swipe_right,49
-1032,5028,-17284,214,-341,1297,swipe_right,49
232,7060,-14956,-4180,3954,10776,swipe_right,49
3940,5792,-14576,-4652,2658,10853,swipe_right,49
10236,4852,-14416,474,-241,4179,swipe_right,49
6408,5204,-15700,-279,980,-1703,swipe_right,49
4560,5972,-15616,-571,-160,-86,swipe_right,49
5600,5812,-15396,-476,334,318,swipe_right,49
5384,5496,-16036,-294,476,-219,swipe_right,49
5212,5784,-15628,-323,746,-144,swipe_right,49
5320,5656,-15644,-427,126,-71,swipe_right,49
5368,5756,-15696,-167,562,74,swipe_right,49
5084,5984,-15620,-372,579,-46,swipe_right,49
5136,5792,-16000,-12,507,-22,swipe_right,49
5204,5728,-15588,-370,630,47,swipe_right,49
5108,5888,-15616,-288,591,60,swipe_right,49
5324,5784,-15632,-212,458,194,swipe_right,49
2856,6648,-16076,55,303,-52,swipe_right,50
2596,6592,-15836,-93,614,-39,swipe_right,50
2988,6652,-15804,-188,496,-77,swipe_right,50
2712,6476,-15960,-391,781,66,swipe_right,50
2736,6476,-15860,-62,863,-12,swipe_right,50
2944,6472,-15788,-363,378,-156,swipe_right,50
2384,6372,-16276,-369,773,84,swipe_right,50
-1408,6972,-19200,563,-488,524,swipe_right,50
-88,7864,-14404,-4787,3847,9259,swipe_right,50
9144,6928,-13304,-847,1786,12038,swipe_right,50
9116,6420,-15084,793,-1215,-45,swipe_right,50
5148,6440,-15112,-434,887,-396,swipe_right,50
5944,6360,-15396,343,161,-112,swipe_right,50
5848,6508,-15024,-157,487,-197,swipe_right,50
5676,6452,-15300,-449,555,126,swipe_right,50
5616,6372,-15240,-132,1157,-471,swipe_right,50
5572,6788,-15108,-384,667,166,swipe_right,50
5852,6624,-15244,-262,511,-89,swipe_right,50
5576,6296,-15252,-130,583,-120,swipe_right,50
5772,6708,-15224,-320,711,-99,swipe_right,50
5612,6676,-15200,77,383,62,swipe_right,51
5380,6896,-15128,-192,409,-210,swipe_right,51
5804,6832,-15540,-405,402,-404,swipe_right,51
7480,6088,-14436,-1506,471,-2483,swipe_right,51
7064,6796,-13108,-246,5031,-6584,swipe_right,51
4080,7988,-15512,2320,-879,-7091,swipe_right,51
1440,6804,-14552,2375,-880,-3177,swipe_right,51
3144,6864,-17100,1635,-615,216,swipe_right,51
3876,6968,-15332,-305,599,408,swipe_right,51
3496,7100,-15492,281,612,-187,swipe_right,51
3644,6724,-15808,-846,2242,485,swipe_right,51
4096,6868,-15812,-687,1105,-17,swipe_right,51
3888,6872,-15652,-500,563,107,swipe_right,51
3836,6744,-15716,-602,692,447,swipe_right,51
3988,7088,-15396,-669,1009,435,swipe_right,51
3868,6700,-15776,-357,730,174,swipe_right,51
4012,6980,-15564,-387,762,87,swipe_right,51
3812,6524,-15768,-57,183,177,swipe_right,51
3844,6760,-15440,-563,995,87,swipe_right,51
3868,6672,-15836,-283,801,-159,swipe_right,51
3784,6564,-15404,-503,932,178,swipe_right,52
4084,7000,-15652,-685,834,-186,swipe_right,52
3808,6812,-15396,-233,654,-21,swipe_right,52
3960,6820,-15628,-526,894,-41,swipe_right,52
3828,7060,-15568,-274,562,91,swipe_right,52
3968,6984,-15656,-18,558,5,swipe_right,52
3936,6644,-15744,-269,628,98,swipe_right,52
3708,6764,-15904,-337,628,77,swipe_right,52
3708,6692,-15556,-262,349,222,swipe_right,52
3860,6868,-15596,-240,541,158,swipe_right,52
4020,6772,-15712,-171,574,-65,swipe_right,52
3756,6912,-15436,-300,849,147,swipe_right,52
3888,6824,-15648,-182,605,-72,swipe_right,52
3636,6752,-15424,-399,817,-33,swipe_right,52
3768,6988,-15496,-560,978,162,swipe_right,52
3916,7112,-15636,-86,479,1,swipe_right,52
3772,6988,-15416,-235,547,-178,swipe_right,52
3632,6936,-15564,55,255,-38,swipe_right,52
3760,6788,-15632,-266,680,57,swipe_right,52
3876,6796,-15736,-427,900,-9,swipe_right,52
3744,6736,-15428,-232,482,30,swipe_right,53
3708,6936,-15644,-469,889,-33,swipe_right,53
3700,6840,-15732,-147,545,-8,swipe_right,53
3796,6928,-15448,-92,332,-40,swipe_right,53
3664,7032,-15648,-287,579,-119,swipe_right,53
3424,6912,-15288,-240,705,-41,swipe_right,53
3712,7012,-15624,-232,617,-75,swipe_right,53
3588,6972,-15440,-276,768,-188,swipe_right,53
840,6852,-16844,281,-394,488,swipe_right,53
816,6716,-14328,-6586,1187,9183,swipe_right,53
7208,5920,-14508,-1481,-1167,10168,swipe_right,53
8280,5508,-16832,1289,-422,1696,swipe_right,53
5452,6432,-15388,-140,1503,-935,swipe_right,53
4952,6684,-15336,-292,652,-8,swipe_right,53
5508,6588,-15312,113,377,-34,swipe_right,53
5300,6420,-15416,-280,566,-40,swipe_right,53
5596,6236,-15428,-546,814,21,swipe_right,53
5496,6596,-15428,-78,712,-191,swipe_right,53
5412,6436,-15280,-107,774,-22,swipe_right,53
5348,6680,-15396,-53,684,-84,swipe_right,53
3300,6688,-15728,-166,609,-60,swipe_right,54
3344,6964,-15592,-142,755,-6,swipe_right,54
3388,7040,-15532,-360,306,-77,swipe_right,54
3308,7016,-15688,-536,694,-9,swipe_right,54
3288,6912,-15660,1,602,-75,swipe_right,54
3192,6848,-15544,-123,720,-144,swipe_right,54
3168,6932,-15460,-322,1082,41,swipe_right,54
1520,7260,-16908,151,-158,122,swipe_right,54
-1048,5232,-14292,-1014,438,6797,swipe_right,54
4220,5744,-14124,-2863,1914,9470,swipe_right,54
10476,5840,-15624,882,-107,3754,swipe_right,54
5984,5860,-15004,-1112,1626,-757,swipe_right,54
5284,6364,-15324,-842,454,232,swipe_right,54
6008,6080,-15500,-136,393,-220,swipe_right,54
5680,6288,-15264,-256,441,102,swipe_right,54
5796,6308,-15456,-553,547,-126,swipe_right,54
5600,6580,-15224,-553,617,-69,swipe_right,54
5700,6500,-15320,-323,783,-21,swipe_right,54
5676,6384,-14936,-11,269,116,swipe_right,54
5524,6244,-15428,-338,679,-50,swipe_right,54
3932,6680,-15664,-326,541,196,swipe_right,55
3988,6780,-15732,-132,194,8,swipe_right,55
4012,6788,-15516,-419,659,-25,swipe_right,55
3904,6840,-15576,-245,441,-128,swipe_right,55
3988,6752,-15820,-333,829,-165,swipe_right,55
3912,6840,-15516,-152,658,-145,swipe_right,55
2652,7436,-17064,-560,131,-170,swipe_right,55
540,7460,-15124,-4720,1634,4246,swipe_right,55
3856,7176,-15104,-3144,361,7908,swipe_right,55
8364,7808,-12908,1317,322,6688,swipe_right,55
9604,5760,-15012,1491,773,11,swipe_right,55
4984,6272,-14804,64,1059,527,swipe_right,55
6048,6792,-15144,-191,342,238,swipe_right,55
5748,6664,-14852,-268,530,-76,swipe_right,55
5848,6724,-15068,-295,719,25,swipe_right,55
5960,6636,-14780,-310,513,136,swipe_right,55
5904,6812,-14900,-134,699,35,swipe_right,55
5740,6868,-14860,-174,926,-79,swipe_right,55
5816,6936,-14760,-143,516,3,swipe_right,55
5904,6852,-15004,-136,720,-119,swipe_right,55
4076,7080,-15368,-112,368,14,swipe_right,56
4084,7172,-15336,-234,532,58,swipe_right,56
4224,7192,-15364,-416,573,-37,swipe_right,56
4040,7116,-15368,-310,703,-67,swipe_right,56
4172,7112,-15592,-124,485,-84,swipe_right,56
4100,6988,-15460,-487,756,82,swipe_right,56
4128,7220,-15368,-211,649,-88,swipe_right,56
3716,7152,-15632,-410,344,127,swipe_right,56
1100,6704,-15832,-1445,-903,2073,swipe_right,56
2056,7132,-15556,-3419,-87,5472,swipe_right,56
4636,7392,-14992,-3008,-114,6670,swipe_right,56
7064,6664,-14852,-1043,764,5750,swipe_right,56
7744,6496,-14968,1,691,1011,swipe_right,56
6140,6088,-14940,-40,1206,-492,swipe_right,56
5628,6436,-15204,-673,694,283,swipe_right,56
6008,6568,-15384,-435,356,153,swipe_right,56
6008,6448,-15208,-489,450,14,swipe_right,56
5692,6572,-15108,43,588,60,swipe_right,56
5444,6740,-15116,-351,1074,-135,swipe_right,56
5824,6716,-15104,-225,604,101,swipe_right,56
4584,7212,-15640,-99,527,-149,swipe_right,57
4004,7028,-15368,-301,716,-30,swipe_right,57
4292,7016,-15544,-402,1090,36,swipe_right,57
4168,7276,-15356,-147,577,6,swipe_right,57
4376,7192,-15432,-58,443,-157,swipe_right,57
4132,6996,-15256,-346,871,-22,swipe_right,57
4444,7080,-15440,-157,769,8,swipe_right,57
4176,7220,-15324,17,1398,-662,swipe_right,57
3168,7036,-15856,-258,420,-173,swipe_right,57
1664,7604,-16504,-2610,-1934,3878,swipe_right,57
2636,6928,-15120,-2711,-78,7673,swipe_right,57
7356,7396,-12692,-657,-3420,7772,swipe_right,57
10416,6460,-13028,1384,-1686,6031,swipe_right,57
8804,5560,-14704,1124,-777,1156,swipe_right,57
5888,6040,-15260,-379,664,-177,swipe_right,57
6488,6324,-15008,-438,484,211,swipe_right,57
6232,6052,-15096,-468,511,43,swipe_right,57
6012,6436,-15560,-214,449,263,swipe_right,57
6160,6480,-14976,-361,544,8,swipe_right,57
5968,6504,-14872,2,605,30,swipe_right,57
3796,6696,-15732,-259,900,15,swipe_right,58
3572,6832,-15604,-252,342,6,swipe_right,58
3856,6724,-15916,-425,945,-77,swipe_right,58
3524,6688,-15732,-333,662,-105,swipe_right,58
3656,6660,-15604,-307,849,102,swipe_right,58
3684,6624,-15680,-433,751,332,swipe_right,58
3740,6908,-15936,-201,972,-92,swipe_right,58
3548,6596,-15568,-229,399,-7,swipe_right,58
3776,6932,-15488,-323,697,110,swipe_right,58
3672,7020,-15812,-300,768,-82,swipe_right,58
1704,6976,-16368,-1363,757,1697,swipe_right,58
1668,7028,-15892,-3398,212,4879,swipe_right,58
2728,7252,-13552,-3485,-345,7872,swipe_right,58
5640,7688,-13360,-18,431,7574,swipe_right,58
6916,6696,-13228,1670,-456,1399,swipe_right,58
7800,6520,-15192,-304,-31,394,swipe_right,58
5700,6848,-15324,-609,1034,-935,swipe_right,58
6316,6944,-14852,-425,-22,116,swipe_right,58
5724,6704,-14916,-539,458,193,swipe_right,58
5868,6804,-14888,-497,670,-123,swipe_right,58
4712,7168,-15216,-125,689,-110,swipe_right,59
4596,7356,-15072,-213,747,-129,swipe_right,59
4600,7200,-14832,-19,317,-154,swipe_right,59
4860,7392,-15028,-232,890,47,swipe_right,59
4628,6920,-15228,-306,929,36,swipe_right,59
4736,7244,-15308,-400,476,345,swipe_right,59
4444,7332,-15164,-461,338,226,swipe_right,59
1104,7264,-17624,-663,-1112,1745,swipe_right,59
2220,7720,-15460,-1828,-2359,4462,swipe_right,59
4900,8232,-13136,-280,-697,6435,swipe_right,59
7784,7092,-11940,-819,183,4188,swipe_right,59
8196,6340,-14228,-1153,-933,2284,swipe_right,59
6076,6848,-14524,-210,635,628,swipe_right,59
5344,6916,-15072,-329,673,-35,swipe_right,59
5744,7112,-15212,-735,237,-109,swipe_right,59
5384,7060,-14948,-316,597,109,swipe_right,59
5784,6972,-14880,-374,648,-25,swipe_right,59
5272,7456,-14964,12,679,80,swipe_right,59
5544,7320,-14676,-405,575,-11,swipe_right,59
5648,7288,-14908,-48,503,-129,swipe_right,59
4092,7316,-15552,-392,570,58,swipe_right,60
4280,7376,-15148,-218,308,-119,swipe_right,60
4512,7608,-15280,-91,384,-68,swipe_right,60
4012,7300,-15108,-209,526,25,swipe_right,60
3660,7272,-15564,-254,510,-53,swipe_right,60
1180,7288,-17120,-1012,205,1051,swipe_right,60
952,7024,-15728,-3375,-476,4347,swipe_right,60
3076,8092,-13656,-3631,3102,7612,swipe_right,60
7784,7104,-12932,399,245,7274,swipe_right,60
8528,7092,-14812,94,-801,861,swipe_right,60
6176,7908,-14088,-667,-82,-527,swipe_right,60
4784,7244,-15020,-547,-3,294,swipe_right,60
4812,7652,-14760,-465,339,-68,swipe_right,60
4840,7472,-14868,-251,460,-61,swipe_right,60
5124,7520,-14900,-487,435,225,swipe_right,60
4692,7164,-15096,-230,291,-210,swipe_right,60
4604,7752,-14916,-500,761,75,swipe_right,60
4908,7560,-14804,-319,447,-48,swipe_right,60
4792,7604,-14856,-116,300,-105,swipe_right,60
4624,7432,-15080,-538,581,86,swipe_right,60
208,-304,-17440,-229,659,5,swipe_right,62
160,-320,-17392,-300,590,3,swipe_right,62
192,-308,-17468,-216,663,-6,swipe_right,62
192,-332,-17440,-312,591,-41,swipe_right,62
156,-244,-17560,-435,629,2,swipe_right,62
156,-344,-17444,-630,669,-275,swipe_right,62
-4132,-780,-17552,-496,456,961,swipe_right,62
-1544,-704,-16464,-499,505,6033,swipe_right,62
976,-340,-17256,-48,1371,8219,swipe_right,62
3460,4112,-18488,-515,345,-3574,swipe_right,62
-172,-316,-17372,-228,851,1157,swipe_right,62
-16,-420,-17544,-277,667,2,swipe_right,62
32,-304,-17424,-255,674,23,swipe_right,62
72,-380,-17420,-252,607,15,swipe_right,62
-16,-400,-17568,-236,649,30,swipe_right,62
-56,-336,-17496,-267,650,4,swipe_right,62
8,-360,-17540,-221,617,-13,swipe_right,62
56,-376,-17524,-212,638,13,swipe_right,62
-8,-376,-17460,-229,668,-1,swipe_right,62
8,-292,-17364,-272,624,6,swipe_right,62
-68,140,-17336,-228,612,-5,swipe_right,65
-84,152,-17492,-235,605,-5,swipe_right,65
-108,228,-17420,-200,607,-7,swipe_right,65
-60,156,-17384,-232,645,-11,swipe_right,65
-140,164,-17472,-262,651,7,swipe_right,65
-124,164,-17396,-214,607,3,swipe_right,65
-96,204,-17424,-235,642,13,swipe_right,65
-120,140,-17488,-234,651,25,swipe_right,65
-92,192,-17356,-229,675,13,swipe_right,65
-456,208,-17344,-295,772,-273,swipe_right,65
-232,-280,-17360,85,534,3318,swipe_right,65
-188,448,-16772,-274,1050,5072,swipe_right,65
-848,684,-18192,181,523,6195,swipe_right,65
1256,-1528,-16640,1214,1448,6432,swipe_right,65
928,-932,-17720,1144,1377,2141,swipe_right,65
-96,-568,-17572,-38,798,46,swipe_right,65
-136,-264,-17424,-30,776,-37,swipe_right,65
-112,-192,-17412,-191,667,-17,swipe_right,65
-200,-224,-17536,-285,616,11,swipe_right,65
-212,-176,-17484,-359,556,60,swipe_right,65
448,-864,-15840,-301,583,59,swipe_right,67
-20,-252,-17304,-1524,503,1531,swipe_right,67
-1588,444,-18804,-10,1012,280,swipe_right,67
60,212,-17428,-245,580,-26,swipe_right,67
120,176,-17360,-229,606,-160,swipe_right,67
8,180,-17348,-251,533,8,swipe_right,67
-3940,-488,-17504,-433,383,-4802,swipe_right,67
-2940,-632,-17028,-164,379,2309,swipe_right,67
-2068,-748,-17340,-401,1320,6130,swipe_right,67
972,436,-16128,1571,2574,1960,swipe_right,67
2964,-1320,-16280,684,1405,-602,swipe_right,67
156,-592,-17464,-334,573,729,swipe_right,67
-4,-292,-17480,-142,732,25,swipe_right,67
44,-252,-17468,-46,697,17,swipe_right,67
-12,-304,-17516,-820,256,36,swipe_right,67
-84,-28,-17396,-642,484,-38,swipe_right,67
-196,220,-17480,-489,495,57,swipe_right,67
-184,160,-17432,-312,636,21,swipe_right,67
-220,144,-17440,-246,627,-9,swipe_right,67
-152,160,-17396,-258,645,7,swipe_right,67
16,252,-17560,-225,624,5,swipe_right,68
-16,208,-17480,-278,639,19,swipe_right,68
-12,264,-17400,-232,650,17,swipe_right,68
-48,212,-17540,-264,627,6,swipe_right,68
-64,244,-17416,-238,622,-7,swipe_right,68
-8,260,-17496,-245,629,18,swipe_right,68
12,216,-17440,-283,655,2,swipe_right,68
-4244,836,-17608,-294,718,-3735,swipe_right,68
-1256,252,-16928,-31,385,578,swipe_right,68
-1020,-300,-17328,243,377,7464,swipe_right,68
1092,1064,-16960,117,497,11500,swipe_right,68
-12,240,-17464,22,-444,4348,swipe_right,68
1484,-132,-17500,-1147,346,974,swipe_right,68
-116,152,-17328,-455,635,-25,swipe_right,68
-76,196,-17440,-222,647,10,swipe_right,68
-72,268,-17468,-236,585,33,swipe_right,68
-68,192,-17568,-238,557,17,swipe_right,68
-92,176,-17444,-258,650,17,swipe_right,68
-84,256,-17456,-238,623,5,swipe_right,68
-36,168,-17392,-212,544,10,swipe_right,68
32,196,-17376,-251,635,-10,swipe_right,69
40,220,-17460,-215,626,9,swipe_right,69
-16,172,-17528,-243,624,-26,swipe_right,69
48,216,-17428,-203,629,5,swipe_right,69
0,252,-17424,-241,611,0,swipe_right,69
-1996,140,-17312,-264,431,-2281,swipe_right,69
-3420,-236,-13792,-496,32,-648,swipe_right,69
-228,-332,-17592,-137,650,5541,swipe_right,69
556,604,-17268,155,679,7147,swipe_right,69
-1036,436,-17808,3088,-1682,7979,swipe_right,69
1964,-260,-16932,2949,1363,878,swipe_right,69
1624,-856,-17424,-674,255,-2183,swipe_right,69
-192,-32,-17464,-773,541,966,swipe_right,69
-208,92,-17416,-411,586,-10,swipe_right,69
-184,124,-17440,-365,635,-3,swipe_right,69
-212,128,-17352,-256,614,-5,swipe_right,69
-244,136,-17488,-245,625,90,swipe_right,69
-232,148,-17516,-265,664,18,swipe_right,69
-212,176,-17500,-271,677,15,swipe_right,69
-168,176,-17436,-242,599,-4,swipe_right,69
12,212,-17528,-258,606,-6,swipe_right,70
20,204,-17368,-284,604,-38,swipe_right,70
112,304,-17508,-300,635,-127,swipe_right,70
24,236,-17448,-225,577,55,swipe_right,70
92,260,-17420,-244,558,-18,swipe_right,70
68,212,-17428,-254,614,36,swipe_right,70
-1256,-60,-17284,-316,554,-2866,swipe_right,70
-2544,-304,-18816,-117,654,2998,swipe_right,70
-1980,1636,-18716,487,-1,9258,swipe_right,70
2568,440,-19792,511,55,2228,swipe_right,70
40,-816,-17328,-411,724,-357,swipe_right,70
-204,96,-17328,-349,700,30,swipe_right,70
-240,72,-17452,-194,676,-6,swipe_right,70
-212,140,-17504,-177,611,-5,swipe_right,70
-184,48,-17432,-220,625,14,swipe_right,70
-204,176,-17412,-176,620,117,swipe_right,70
-124,152,-17464,-307,650,3,swipe_right,70
-172,192,-17444,-294,638,-5,swipe_right,70
-180,204,-17480,-276,652,10,swipe_right,70
-72,188,-17384,-228,635,16,swipe_right,70
-24,236,-17356,-212,626,-10,swipe_right,71
-64,132,-17484,-230,635,32,swipe_right,71
-84,236,-17456,-232,649,2,swipe_right,71
-72,204,-17436,-234,554,16,swipe_right,71
-100,188,-17412,-265,638,30,swipe_right,71
-56,224,-17492,-223,657,22,swipe_right,71
-916,8,-18464,-311,559,-137,swipe_right,71
-2168,4,-17992,-147,1289,2323,swipe_right,71
-1724,140,-17520,-543,1203,4756,swipe_right,71
1144,24,-18096,1290,-922,6154,swipe_right,71
1696,-916,-18572,-115,892,5353,swipe_right,71
724,-496,-17556,-307,468,-6,swipe_right,71
-88,-312,-17432,-242,610,58,swipe_right,71
-72,-248,-17400,-241,622,11,swipe_right,71
-4,-284,-17380,-204,617,5,swipe_right,71
-112,-284,-17492,-421,564,22,swipe_right,71
-60,-228,-17504,-263,622,-4,swipe_right,71
-92,-116,-17476,-578,392,37,swipe_right,71
-136,-156,-17388,-297,558,5,swipe_right,71
-152,-72,-17400,-235,605,28,swipe_right,71
284,196,-17320,-250,545,-8,swipe_right,72
220,208,-17492,-258,434,-2,swipe_right,72
244,188,-17516,-252,662,24,swipe_right,72
200,124,-17476,-266,611,164,swipe_right,72
348,204,-17480,-297,696,176,swipe_right,72
184,188,-17384,-194,757,-77,swipe_right,72
-1200,268,-17392,-253,396,-94,swipe_right,72
-180,148,-15932,-446,1,1854,swipe_right,72
420,152,-20524,539,1057,-2111,swipe_right,72
-612,-544,-16688,786,668,2807,swipe_right,72
1568,-824,-18108,-94,-603,-693,swipe_right,72
1976,156,-17400,-361,681,-1457,swipe_right,72
120,-340,-17576,-225,668,7,swipe_right,72
108,-376,-17456,-199,587,20,swipe_right,72
108,-328,-17400,-228,670,487,swipe_right,72
148,-352,-17488,-226,569,197,swipe_right,72
56,-292,-17528,-204,650,63,swipe_right,72
76,-344,-17404,-210,700,31,swipe_right,72
96,-296,-17508,-223,583,137,swipe_right,72
104,-328,-17416,-217,627,67,swipe_right,72
10184,-9240,6484,0,0,0,swipe_right,73
-8,132,-17436,0,0,0,swipe_right,73
-40,228,-17296,0,0,0,swipe_right,73
0,184,-17484,0,0,0,swipe_right,73
-4,168,-17456,0,0,0,swipe_right,73
-652,-44,-17372,0,0,0,swipe_right,73
-2212,-388,-17396,0,0,0,swipe_right,73
-676,-380,-17256,0,0,0,swipe_right,73
6152,956,-17648,0,0,0,swipe_right,73
-44,116,-17328,0,0,0,swipe_right,73
64,156,-17472,0,0,0,swipe_right,73
0,204,-17440,0,0,0,swipe_right,73
16,212,-17416,0,0,0,swipe_right,73
10600,-10988,14808,0,0,0,swipe_right,73
120,148,-17372,0,0,0,swipe_right,73
9696,-8708,6928,0,0,0,swipe_right,73
-24,196,-17396,0,0,0,swipe_right,73
16,256,-17476,0,0,0,swipe_right,73
10580,-9624,16876,0,0,0,swipe_right,73
68,184,-17476,0,0,0,swipe_right,73
4,200,-17428,-252,616,22,swipe_right,74
56,200,-17520,-257,628,24,swipe_right,74
12,212,-17516,-255,611,129,swipe_right,74
108,240,-17536,-273,654,0,swipe_right,74
32,244,-17388,-288,666,21,swipe_right,74
80,192,-17424,-252,679,-48,swipe_right,74
76,116,-17456,-262,669,-41,swipe_right,74
-2304,-472,-17384,-222,419,-704,swipe_right,74
-1064,200,-16892,-52,539,1627,swipe_right,74
-1648,-652,-17644,-225,709,2049,swipe_right,74
-1832,-340,-17788,151,307,7762,swipe_right,74
-2728,1784,-17556,-983,717,7650,swipe_right,74
2248,-216,-17484,-97,426,818,swipe_right,74
-12,180,-17540,-259,595,-21,swipe_right,74
8,192,-17540,-238,591,13,swipe_right,74
-28,252,-17476,-325,698,-41,swipe_right,74
40,204,-17444,-202,586,29,swipe_right,74
-20,84,-17440,-265,645,-6,swipe_right,74
4,172,-17388,-298,627,-8,swipe_right,74
-20,224,-17536,-269,672,-13,swipe_right,74
-32,240,-17340,0,0,0,swipe_right,75
10228,-9240,6588,0,0,0,swipe_right,75
20,184,-17356,0,0,0,swipe_right,75
24,180,-17436,0,0,0,swipe_right,75
10164,-9272,15400,0,0,0,swipe_right,75
24,140,-17468,-251,631,-17,swipe_right,75
52,192,-17408,-221,646,11,swipe_right,75
76,140,-17388,-264,652,21,swipe_right,75
-12,96,-17612,-295,597,149,swipe_right,75
-1708,-76,-15324,-321,-367,2977,swipe_right,75
-1904,160,-18028,-231,101,3846,swipe_right,75
-1400,264,-18104,-209,35,6426,swipe_right,75
4852,208,-17136,-127,73,6314,swipe_right,75
1628,-452,-18016,-183,763,-812,swipe_right,75
180,292,-17488,-263,651,-327,swipe_right,75
260,188,-17500,-209,584,-433,swipe_right,75
224,324,-17420,-217,582,-165,swipe_right,75
164,232,-17344,-236,616,22,swipe_right,75
212,288,-17468,-276,610,34,swipe_right,75
172,276,-17460,-266,620,6,swipe_right,75
4,164,-17392,-249,650,17,swipe_right,76
40,176,-17484,-244,649,3,swipe_right,76
76,172,-17408,-270,633,-10,swipe_right,76
72,128,-17524,-242,638,30,swipe_right,76
60,168,-17472,-263,640,-10,swipe_right,76
92,208,-17404,-230,619,20,swipe_right,76
140,236,-17432,-261,640,-4,swipe_right,76
152,236,-17488,-254,656,37,swipe_right,76
28,144,-17440,-275,657,-46,swipe_right,76
-1728,-300,-17308,-271,609,-232,swipe_right,76
-660,-52,-17052,-114,540,2951,swipe_right,76
-168,-500,-17828,-265,240,2382,swipe_right,76
-344,60,-19536,-273,600,4421,swipe_right,76
96,444,-16344,-265,719,5533,swipe_right,76
588,636,-17620,12,-55,5148,swipe_right,76
3768,80,-17476,-170,678,987,swipe_right,76
144,280,-17496,-271,674,-102,swipe_right,76
168,292,-17440,-241,657,-7,swipe_right,76
180,236,-17356,-236,668,-10,swipe_right,76
168,284,-17496,-251,621,12,swipe_right,76
-52,252,-17456,-248,649,22,swipe_right,77
-8,192,-17440,-234,605,27,swipe_right,77
-4,164,-17516,-221,625,9,swipe_right,77
28,216,-17472,-275,655,9,swipe_right,77
-4,160,-17508,-252,640,12,swipe_right,77
-24,184,-17516,-272,666,28,swipe_right,77
-116,148,-17304,-284,654,-224,swipe_right,77
-972,-272,-16580,-140,691,3608,swipe_right,77
-2032,432,-19452,-27,649,2620,swipe_right,77
516,-292,-17156,-133,392,7213,swipe_right,77
1564,212,-17084,-78,757,7638,swipe_right,77
4472,456,-17712,-314,882,3191,swipe_right,77
216,260,-17404,-292,617,-9,swipe_right,77
228,304,-17460,-208,560,-8,swipe_right,77
208,248,-17428,-267,683,14,swipe_right,77
224,256,-17548,-224,611,17,swipe_right,77
188,220,-17460,-243,628,15,swipe_right,77
212,264,-17400,-245,644,8,swipe_right,77
256,300,-17460,-271,642,21,swipe_right,77
180,284,-17496,-194,541,-6,swipe_right,77
60,132,-17448,-265,626,-17,swipe_right,78
-4,192,-17468,-256,605,1,swipe_right,78
12,196,-17392,-276,652,-14,swipe_right,78
16,100,-17512,-234,647,4,swipe_right,78
-56,92,-17504,-277,636,27,swipe_right,78
36,156,-17440,-248,672,36,swipe_right,78
32,144,-17484,-260,644,43,swipe_right,78
12,144,-17332,-275,622,27,swipe_right,78
-8,156,-17420,-270,636,1,swipe_right,78
-16,172,-17404,-259,673,-1,swipe_right,78
-52,80,-17484,-295,669,-126,swipe_right,78
-1868,-304,-17176,-193,484,1995,swipe_right,78
-772,-516,-16936,-246,233,4211,swipe_right,78
-1188,348,-16960,-201,664,6270,swipe_right,78
440,628,-19024,149,1064,9465,swipe_right,78
5412,396,-17936,-367,932,2929,swipe_right,78
180,288,-17436,-307,632,4,swipe_right,78
168,320,-17476,-261,622,18,swipe_right,78
224,240,-17412,-236,623,13,swipe_right,78
168,288,-17520,-243,628,38,swipe_right,78
44,184,-17444,-271,658,15,swipe_right,79
80,212,-17372,-267,609,-23,swipe_right,79
96,252,-17396,-264,651,9,swipe_right,79
116,140,-17388,-260,676,25,swipe_right,79
92,200,-17268,-255,645,-4,swipe_right,79
120,216,-17436,-265,663,24,swipe_right,79
152,148,-17480,-264,635,6,swipe_right,79
-2424,-744,-17556,-353,587,-2682,swipe_right,79
-1256,96,-18244,-197,800,3988,swipe_right,79
-792,828,-15508,-157,1267,3941,swipe_right,79
688,296,-17296,-154,728,4773,swipe_right,79
2732,156,-18064,219,1096,5420,swipe_right,79
2300,-88,-17472,-253,487,969,swipe_right,79
216,240,-17452,-262,628,-13,swipe_right,79
192,276,-17432,-233,637,32,swipe_right,79
176,324,-17412,-258,602,14,swipe_right,79
180,320,-17444,-243,616,14,swipe_right,79
188,348,-17516,-276,673,36,swipe_right,79
204,252,-17448,-272,629,-1,swipe_right,79
196,248,-17436,-232,563,9,swipe_right,79
